comparisonId,type,status,mySiteQuestionIds,referenceQuestionIds,questionSimilarity,optionSimilarity,answerMatches,imageMatches,proposedPart,partConfidence,reason,manualReviewRequired
choice-00001,choice,EXACT_MATCH,part_①-1,part_①-1,1.0,1.0,True,True,part_①,high,正規化後コンテンツハッシュが完全一致,False
choice-00002,choice,EXACT_MATCH,part_①-2,part_①-2,1.0,1.0,True,True,part_①,high,正規化後コンテンツハッシュが完全一致,False
choice-00003,choice,EXACT_MATCH,part_①-3,part_①-3,1.0,1.0,True,True,part_①,high,正規化後コンテンツハッシュが完全一致,False
choice-00004,choice,EXACT_MATCH,part_①-4,part_①-4,1.0,1.0,True,True,part_①,high,正規化後コンテンツハッシュが完全一致,False
choice-00005,choice,EXACT_MATCH,part_①-5,part_①-5,1.0,1.0,True,True,part_①,high,正規化後コンテンツハッシュが完全一致,False
choice-00006,choice,EXACT_MATCH,part_①-6,part_①-6,1.0,1.0,True,True,part_①,high,正規化後コンテンツハッシュが完全一致,False
choice-00007,choice,EXACT_MATCH,part_①-7,part_①-7,1.0,1.0,True,True,part_①,high,正規化後コンテンツハッシュが完全一致,False
choice-00008,choice,EXACT_MATCH,part_①-8,part_①-8,1.0,1.0,True,True,part_①,high,正規化後コンテンツハッシュが完全一致,False
choice-00009,choice,EXACT_MATCH,part_①-9,part_①-9,1.0,1.0,True,True,part_①,high,正規化後コンテンツハッシュが完全一致,False
choice-00010,choice,EXACT_MATCH,part_①-10,part_①-10,1.0,1.0,True,True,part_①,high,正規化後コンテンツハッシュが完全一致,False
choice-00011,choice,EXACT_MATCH,part_①-11,part_①-11,1.0,1.0,True,True,part_①,high,正規化後コンテンツハッシュが完全一致,False
choice-00012,choice,EXACT_MATCH,part_①-12,part_①-12,1.0,1.0,True,True,part_①,high,正規化後コンテンツハッシュが完全一致,False
choice-00013,choice,EXACT_MATCH,part_①-13,part_①-13,1.0,1.0,True,True,part_①,high,正規化後コンテンツハッシュが完全一致,False
choice-00014,choice,EXACT_MATCH,part_①-14,part_①-14,1.0,1.0,True,True,part_①,high,正規化後コンテンツハッシュが完全一致,False
choice-00015,choice,EXACT_MATCH,part_①-15,part_①-15,1.0,1.0,True,True,part_①,high,正規化後コンテンツハッシュが完全一致,False
choice-00016,choice,EXACT_MATCH,part_①-16,part_①-16,1.0,1.0,True,True,part_①,high,正規化後コンテンツハッシュが完全一致,False
choice-00017,choice,EXACT_MATCH,part_①-17,part_①-17,1.0,1.0,True,True,part_①,high,正規化後コンテンツハッシュが完全一致,False
choice-00018,choice,EXACT_MATCH,part_①-18,part_①-18,1.0,1.0,True,True,part_①,high,正規化後コンテンツハッシュが完全一致,False
choice-00019,choice,EXACT_MATCH,part_①-19,part_①-19,1.0,1.0,True,True,part_①,high,正規化後コンテンツハッシュが完全一致,False
choice-00020,choice,EXACT_MATCH,part_①-20,part_①-20,1.0,1.0,True,True,part_①,high,正規化後コンテンツハッシュが完全一致,False
choice-00021,choice,EXACT_MATCH,part_①-21,part_①-21,1.0,1.0,True,True,part_①,high,正規化後コンテンツハッシュが完全一致,False
choice-00022,choice,EXACT_MATCH,part_①-22,part_①-22,1.0,1.0,True,True,part_①,high,正規化後コンテンツハッシュが完全一致,False
choice-00023,choice,EXACT_MATCH,part_①-23,part_①-23,1.0,1.0,True,True,part_①,high,正規化後コンテンツハッシュが完全一致,False
choice-00024,choice,EXACT_MATCH,part_①-24,part_①-24,1.0,1.0,True,True,part_①,high,正規化後コンテンツハッシュが完全一致,False
choice-00025,choice,EXACT_MATCH,part_①-25,part_①-25,1.0,1.0,True,True,part_①,high,正規化後コンテンツハッシュが完全一致,False
choice-00026,choice,EXACT_MATCH,part_①-26,part_①-26,1.0,1.0,True,True,part_①,high,正規化後コンテンツハッシュが完全一致,False
choice-00027,choice,EXACT_MATCH,part_①-27,part_①-27,1.0,1.0,True,True,part_①,high,正規化後コンテンツハッシュが完全一致,False
choice-00028,choice,EXACT_MATCH,part_①-28,part_①-28,1.0,1.0,True,True,part_①,high,正規化後コンテンツハッシュが完全一致,False
choice-00029,choice,EXACT_MATCH,part_①-29,part_①-29,1.0,1.0,True,True,part_①,high,正規化後コンテンツハッシュが完全一致,False
choice-00030,choice,EXACT_MATCH,part_①-30,part_①-30,1.0,1.0,True,True,part_①,high,正規化後コンテンツハッシュが完全一致,False
choice-00031,choice,EXACT_MATCH,part_①-31,part_①-31,1.0,1.0,True,True,part_①,high,正規化後コンテンツハッシュが完全一致,False
choice-00032,choice,EXACT_MATCH,part_①-32,part_①-32,1.0,1.0,True,True,part_①,high,正規化後コンテンツハッシュが完全一致,False
choice-00033,choice,EXACT_MATCH,part_①-33,part_①-33,1.0,1.0,True,True,part_①,high,正規化後コンテンツハッシュが完全一致,False
choice-00034,choice,EXACT_MATCH,part_①-34,part_①-34,1.0,1.0,True,True,part_①,high,正規化後コンテンツハッシュが完全一致,False
choice-00035,choice,EXACT_MATCH,part_①-35,part_①-35,1.0,1.0,True,True,part_①,high,正規化後コンテンツハッシュが完全一致,False
choice-00036,choice,EXACT_MATCH,part_①-36,part_①-36,1.0,1.0,True,True,part_①,high,正規化後コンテンツハッシュが完全一致,False
choice-00037,choice,EXACT_MATCH,part_①-37,part_①-37,1.0,1.0,True,True,part_①,high,正規化後コンテンツハッシュが完全一致,False
choice-00038,choice,EXACT_MATCH,part_①-38,part_①-38,1.0,1.0,True,True,part_①,high,正規化後コンテンツハッシュが完全一致,False
choice-00039,choice,EXACT_MATCH,part_①-39,part_①-39,1.0,1.0,True,True,part_①,high,正規化後コンテンツハッシュが完全一致,False
choice-00040,choice,EXACT_MATCH,part_①-40,part_①-40,1.0,1.0,True,True,part_①,high,正規化後コンテンツハッシュが完全一致,False
choice-00041,choice,EXACT_MATCH,part_①-41,part_①-41,1.0,1.0,True,True,part_①,high,正規化後コンテンツハッシュが完全一致,False
choice-00042,choice,EXACT_MATCH,part_①-42,part_①-42,1.0,1.0,True,True,part_①,high,正規化後コンテンツハッシュが完全一致,False
choice-00043,choice,EXACT_MATCH,part_①-43,part_①-43,1.0,1.0,True,True,part_①,high,正規化後コンテンツハッシュが完全一致,False
choice-00044,choice,EXACT_MATCH,part_①-44,part_①-44,1.0,1.0,True,True,part_①,high,正規化後コンテンツハッシュが完全一致,False
choice-00045,choice,EXACT_MATCH,part_①-45,part_①-45,1.0,1.0,True,True,part_①,high,正規化後コンテンツハッシュが完全一致,False
choice-00046,choice,EXACT_MATCH,part_①-46,part_①-46,1.0,1.0,True,True,part_①,high,正規化後コンテンツハッシュが完全一致,False
choice-00047,choice,EXACT_MATCH,part_①-47,part_①-47,1.0,1.0,True,True,part_①,high,正規化後コンテンツハッシュが完全一致,False
choice-00048,choice,EXACT_MATCH,part_①-48,part_①-48,1.0,1.0,True,True,part_①,high,正規化後コンテンツハッシュが完全一致,False
choice-00049,choice,EXACT_MATCH,part_①-49,part_①-49,1.0,1.0,True,True,part_①,high,正規化後コンテンツハッシュが完全一致,False
choice-00050,choice,EXACT_MATCH,part_①-50,part_①-50,1.0,1.0,True,True,part_①,high,正規化後コンテンツハッシュが完全一致,False
choice-00051,choice,EXACT_MATCH,part_①-51,part_①-51,1.0,1.0,True,True,part_①,high,正規化後コンテンツハッシュが完全一致,False
choice-00052,choice,EXACT_MATCH,part_①-52,part_①-52,1.0,1.0,True,True,part_①,high,正規化後コンテンツハッシュが完全一致,False
choice-00053,choice,EXACT_MATCH,part_①-53,part_①-53,1.0,1.0,True,True,part_①,high,正規化後コンテンツハッシュが完全一致,False
choice-00054,choice,EXACT_MATCH,part_①-54,part_①-54,1.0,1.0,True,True,part_①,high,正規化後コンテンツハッシュが完全一致,False
choice-00055,choice,EXACT_MATCH,part_①-55,part_①-55,1.0,1.0,True,True,part_①,high,正規化後コンテンツハッシュが完全一致,False
choice-00056,choice,EXACT_MATCH,part_①-56,part_①-56,1.0,1.0,True,True,part_①,high,正規化後コンテンツハッシュが完全一致,False
choice-00057,choice,EXACT_MATCH,part_①-57,part_①-57,1.0,1.0,True,True,part_①,high,正規化後コンテンツハッシュが完全一致,False
choice-00058,choice,EXACT_MATCH,part_①-58,part_①-58,1.0,1.0,True,True,part_①,high,正規化後コンテンツハッシュが完全一致,False
choice-00059,choice,EXACT_MATCH,part_①-59,part_①-59,1.0,1.0,True,True,part_①,high,正規化後コンテンツハッシュが完全一致,False
choice-00060,choice,EXACT_MATCH,part_①-60,part_①-60,1.0,1.0,True,True,part_①,high,正規化後コンテンツハッシュが完全一致,False
choice-00061,choice,EXACT_MATCH,part_①-61,part_①-61,1.0,1.0,True,True,part_①,high,正規化後コンテンツハッシュが完全一致,False
choice-00062,choice,EXACT_MATCH,part_①-62,part_①-62,1.0,1.0,True,True,part_①,high,正規化後コンテンツハッシュが完全一致,False
choice-00063,choice,EXACT_MATCH,part_①-63,part_①-63,1.0,1.0,True,True,part_①,high,正規化後コンテンツハッシュが完全一致,False
choice-00064,choice,EXACT_MATCH,part_①-64,part_①-64,1.0,1.0,True,True,part_①,high,正規化後コンテンツハッシュが完全一致,False
choice-00065,choice,EXACT_MATCH,part_①-65,part_①-65,1.0,1.0,True,True,part_①,high,正規化後コンテンツハッシュが完全一致,False
choice-00066,choice,EXACT_MATCH,part_①-66,part_①-66,1.0,1.0,True,True,part_①,high,正規化後コンテンツハッシュが完全一致,False
choice-00067,choice,EXACT_MATCH,part_①-67,part_①-67,1.0,1.0,True,True,part_①,high,正規化後コンテンツハッシュが完全一致,False
choice-00068,choice,EXACT_MATCH,part_①-68,part_①-68,1.0,1.0,True,True,part_①,high,正規化後コンテンツハッシュが完全一致,False
choice-00069,choice,EXACT_MATCH,part_①-69,part_①-69,1.0,1.0,True,True,part_①,high,正規化後コンテンツハッシュが完全一致,False
choice-00070,choice,EXACT_MATCH,part_①-70,part_①-70,1.0,1.0,True,True,part_①,high,正規化後コンテンツハッシュが完全一致,False
choice-00071,choice,EXACT_MATCH,part_②-1,part_②-1,1.0,1.0,True,True,part_②,high,正規化後コンテンツハッシュが完全一致,False
choice-00072,choice,EXACT_MATCH,part_②-2,part_②-2,1.0,1.0,True,True,part_②,high,正規化後コンテンツハッシュが完全一致,False
choice-00073,choice,EXACT_MATCH,part_②-3,part_②-3,1.0,1.0,True,True,part_②,high,正規化後コンテンツハッシュが完全一致,False
choice-00074,choice,EXACT_MATCH,part_②-4,part_②-4,1.0,1.0,True,True,part_②,high,正規化後コンテンツハッシュが完全一致,False
choice-00075,choice,EXACT_MATCH,part_②-5,part_②-5,1.0,1.0,True,True,part_②,high,正規化後コンテンツハッシュが完全一致,False
choice-00076,choice,EXACT_MATCH,part_②-6,part_②-6,1.0,1.0,True,True,part_②,high,正規化後コンテンツハッシュが完全一致,False
choice-00077,choice,EXACT_MATCH,part_②-7,part_②-7,1.0,1.0,True,True,part_②,high,正規化後コンテンツハッシュが完全一致,False
choice-00078,choice,EXACT_MATCH,part_②-8,part_②-8,1.0,1.0,True,True,part_②,high,正規化後コンテンツハッシュが完全一致,False
choice-00079,choice,EXACT_MATCH,part_②-9,part_②-9,1.0,1.0,True,True,part_②,high,正規化後コンテンツハッシュが完全一致,False
choice-00080,choice,EXACT_MATCH,part_②-10,part_②-10,1.0,1.0,True,True,part_②,high,正規化後コンテンツハッシュが完全一致,False
choice-00081,choice,EXACT_MATCH,part_②-11,part_②-11,1.0,1.0,True,True,part_②,high,正規化後コンテンツハッシュが完全一致,False
choice-00082,choice,EXACT_MATCH,part_②-12,part_②-12,1.0,1.0,True,True,part_②,high,正規化後コンテンツハッシュが完全一致,False
choice-00083,choice,EXACT_MATCH,part_②-13,part_②-13,1.0,1.0,True,True,part_②,high,正規化後コンテンツハッシュが完全一致,False
choice-00084,choice,EXACT_MATCH,part_②-14,part_②-14,1.0,1.0,True,True,part_②,high,正規化後コンテンツハッシュが完全一致,False
choice-00085,choice,EXACT_MATCH,part_②-15,part_②-15,1.0,1.0,True,True,part_②,high,正規化後コンテンツハッシュが完全一致,False
choice-00086,choice,EXACT_MATCH,part_②-16,part_②-16,1.0,1.0,True,True,part_②,high,正規化後コンテンツハッシュが完全一致,False
choice-00087,choice,EXACT_MATCH,part_②-17,part_②-17,1.0,1.0,True,True,part_②,high,正規化後コンテンツハッシュが完全一致,False
choice-00088,choice,EXACT_MATCH,part_②-18,part_②-18,1.0,1.0,True,True,part_②,high,正規化後コンテンツハッシュが完全一致,False
choice-00089,choice,EXACT_MATCH,part_②-19,part_②-19,1.0,1.0,True,True,part_②,high,正規化後コンテンツハッシュが完全一致,False
choice-00090,choice,EXACT_MATCH,part_②-20,part_②-20,1.0,1.0,True,True,part_②,high,正規化後コンテンツハッシュが完全一致,False
choice-00091,choice,EXACT_MATCH,part_②-21,part_②-21,1.0,1.0,True,True,part_②,high,正規化後コンテンツハッシュが完全一致,False
choice-00092,choice,EXACT_MATCH,part_②-22,part_②-22,1.0,1.0,True,True,part_②,high,正規化後コンテンツハッシュが完全一致,False
choice-00093,choice,EXACT_MATCH,part_②-23,part_②-23,1.0,1.0,True,True,part_②,high,正規化後コンテンツハッシュが完全一致,False
choice-00094,choice,EXACT_MATCH,part_②-24,part_②-24,1.0,1.0,True,True,part_②,high,正規化後コンテンツハッシュが完全一致,False
choice-00095,choice,EXACT_MATCH,part_②-25,part_②-25,1.0,1.0,True,True,part_②,high,正規化後コンテンツハッシュが完全一致,False
choice-00096,choice,EXACT_MATCH,part_②-26,part_②-26,1.0,1.0,True,True,part_②,high,正規化後コンテンツハッシュが完全一致,False
choice-00097,choice,EXACT_MATCH,part_②-27,part_②-27,1.0,1.0,True,True,part_②,high,正規化後コンテンツハッシュが完全一致,False
choice-00098,choice,EXACT_MATCH,part_②-28,part_②-28,1.0,1.0,True,True,part_②,high,正規化後コンテンツハッシュが完全一致,False
choice-00099,choice,EXACT_MATCH,part_②-29,part_②-29,1.0,1.0,True,True,part_②,high,正規化後コンテンツハッシュが完全一致,False
choice-00100,choice,EXACT_MATCH,part_②-30,part_②-30,1.0,1.0,True,True,part_②,high,正規化後コンテンツハッシュが完全一致,False
choice-00101,choice,EXACT_MATCH,part_②-31,part_②-31,1.0,1.0,True,True,part_②,high,正規化後コンテンツハッシュが完全一致,False
choice-00102,choice,EXACT_MATCH,part_②-32,part_②-32,1.0,1.0,True,True,part_②,high,正規化後コンテンツハッシュが完全一致,False
choice-00103,choice,EXACT_MATCH,part_②-33,part_②-33,1.0,1.0,True,True,part_②,high,正規化後コンテンツハッシュが完全一致,False
choice-00104,choice,EXACT_MATCH,part_②-34,part_②-34,1.0,1.0,True,True,part_②,high,正規化後コンテンツハッシュが完全一致,False
choice-00105,choice,EXACT_MATCH,part_②-35,part_②-35,1.0,1.0,True,True,part_②,high,正規化後コンテンツハッシュが完全一致,False
choice-00106,choice,EXACT_MATCH,part_②-36,part_②-36,1.0,1.0,True,True,part_②,high,正規化後コンテンツハッシュが完全一致,False
choice-00107,choice,EXACT_MATCH,part_②-37,part_②-37,1.0,1.0,True,True,part_②,high,正規化後コンテンツハッシュが完全一致,False
choice-00108,choice,EXACT_MATCH,part_②-38,part_②-38,1.0,1.0,True,True,part_②,high,正規化後コンテンツハッシュが完全一致,False
choice-00109,choice,EXACT_MATCH,part_②-39,part_②-39,1.0,1.0,True,True,part_②,high,正規化後コンテンツハッシュが完全一致,False
choice-00110,choice,EXACT_MATCH,part_②-40,part_②-40,1.0,1.0,True,True,part_②,high,正規化後コンテンツハッシュが完全一致,False
choice-00111,choice,EXACT_MATCH,part_②-41,part_②-41,1.0,1.0,True,True,part_②,high,正規化後コンテンツハッシュが完全一致,False
choice-00112,choice,EXACT_MATCH,part_②-42,part_②-42,1.0,1.0,True,True,part_②,high,正規化後コンテンツハッシュが完全一致,False
choice-00113,choice,EXACT_MATCH,part_②-43,part_②-43,1.0,1.0,True,True,part_②,high,正規化後コンテンツハッシュが完全一致,False
choice-00114,choice,EXACT_MATCH,part_②-44,part_②-44,1.0,1.0,True,True,part_②,high,正規化後コンテンツハッシュが完全一致,False
choice-00115,choice,EXACT_MATCH,part_②-45,part_②-45,1.0,1.0,True,True,part_②,high,正規化後コンテンツハッシュが完全一致,False
choice-00116,choice,EXACT_MATCH,part_②-46,part_②-46,1.0,1.0,True,True,part_②,high,正規化後コンテンツハッシュが完全一致,False
choice-00117,choice,EXACT_MATCH,part_②-47,part_②-47,1.0,1.0,True,True,part_②,high,正規化後コンテンツハッシュが完全一致,False
choice-00118,choice,EXACT_MATCH,part_②-48,part_②-48,1.0,1.0,True,True,part_②,high,正規化後コンテンツハッシュが完全一致,False
choice-00119,choice,EXACT_MATCH,part_②-49,part_②-49,1.0,1.0,True,True,part_②,high,正規化後コンテンツハッシュが完全一致,False
choice-00120,choice,EXACT_MATCH,part_②-50,part_②-50,1.0,1.0,True,True,part_②,high,正規化後コンテンツハッシュが完全一致,False
choice-00121,choice,EXACT_MATCH,part_②-51,part_②-51,1.0,1.0,True,True,part_②,high,正規化後コンテンツハッシュが完全一致,False
choice-00122,choice,EXACT_MATCH,part_②-52,part_②-52,1.0,1.0,True,True,part_②,high,正規化後コンテンツハッシュが完全一致,False
choice-00123,choice,EXACT_MATCH,part_②-53,part_②-53,1.0,1.0,True,True,part_②,high,正規化後コンテンツハッシュが完全一致,False
choice-00124,choice,EXACT_MATCH,part_②-54,part_②-54,1.0,1.0,True,True,part_②,high,正規化後コンテンツハッシュが完全一致,False
choice-00125,choice,EXACT_MATCH,part_②-55,part_②-55,1.0,1.0,True,True,part_②,high,正規化後コンテンツハッシュが完全一致,False
choice-00126,choice,EXACT_MATCH,part_②-56,part_②-56,1.0,1.0,True,True,part_②,high,正規化後コンテンツハッシュが完全一致,False
choice-00127,choice,EXACT_MATCH,part_②-57,part_②-57,1.0,1.0,True,True,part_②,high,正規化後コンテンツハッシュが完全一致,False
choice-00128,choice,EXACT_MATCH,part_②-58,part_②-58,1.0,1.0,True,True,part_②,high,正規化後コンテンツハッシュが完全一致,False
choice-00129,choice,EXACT_MATCH,part_②-59,part_②-59,1.0,1.0,True,True,part_②,high,正規化後コンテンツハッシュが完全一致,False
choice-00130,choice,EXACT_MATCH,part_②-60,part_②-60,1.0,1.0,True,True,part_②,high,正規化後コンテンツハッシュが完全一致,False
choice-00131,choice,EXACT_MATCH,part_②-61,part_②-61,1.0,1.0,True,True,part_②,high,正規化後コンテンツハッシュが完全一致,False
choice-00132,choice,EXACT_MATCH,part_②-62,part_②-62,1.0,1.0,True,True,part_②,high,正規化後コンテンツハッシュが完全一致,False
choice-00133,choice,EXACT_MATCH,part_②-63,part_②-63,1.0,1.0,True,True,part_②,high,正規化後コンテンツハッシュが完全一致,False
choice-00134,choice,EXACT_MATCH,part_②-64,part_②-64,1.0,1.0,True,True,part_②,high,正規化後コンテンツハッシュが完全一致,False
choice-00135,choice,EXACT_MATCH,part_②-65,part_②-65,1.0,1.0,True,True,part_②,high,正規化後コンテンツハッシュが完全一致,False
choice-00136,choice,EXACT_MATCH,part_②-66,part_②-66,1.0,1.0,True,True,part_②,high,正規化後コンテンツハッシュが完全一致,False
choice-00137,choice,EXACT_MATCH,part_②-67,part_②-67,1.0,1.0,True,True,part_②,high,正規化後コンテンツハッシュが完全一致,False
choice-00138,choice,EXACT_MATCH,part_②-68,part_②-68,1.0,1.0,True,True,part_②,high,正規化後コンテンツハッシュが完全一致,False
choice-00139,choice,EXACT_MATCH,part_②-69,part_②-69,1.0,1.0,True,True,part_②,high,正規化後コンテンツハッシュが完全一致,False
choice-00140,choice,EXACT_MATCH,part_②-70,part_②-70,1.0,1.0,True,True,part_②,high,正規化後コンテンツハッシュが完全一致,False
choice-00141,choice,EXACT_MATCH,part_③-1,part_③-1,1.0,1.0,True,True,part_③,high,正規化後コンテンツハッシュが完全一致,False
choice-00142,choice,EXACT_MATCH,part_③-2,part_③-2,1.0,1.0,True,True,part_③,high,正規化後コンテンツハッシュが完全一致,False
choice-00143,choice,EXACT_MATCH,part_③-3,part_③-3,1.0,1.0,True,True,part_③,high,正規化後コンテンツハッシュが完全一致,False
choice-00144,choice,EXACT_MATCH,part_③-4,part_③-4,1.0,1.0,True,True,part_③,high,正規化後コンテンツハッシュが完全一致,False
choice-00145,choice,EXACT_MATCH,part_③-5,part_③-5,1.0,1.0,True,True,part_③,high,正規化後コンテンツハッシュが完全一致,False
choice-00146,choice,EXACT_MATCH,part_③-6,part_③-6,1.0,1.0,True,True,part_③,high,正規化後コンテンツハッシュが完全一致,False
choice-00147,choice,EXACT_MATCH,part_③-7,part_③-7,1.0,1.0,True,True,part_③,high,正規化後コンテンツハッシュが完全一致,False
choice-00148,choice,EXACT_MATCH,part_③-8,part_③-8,1.0,1.0,True,True,part_③,high,正規化後コンテンツハッシュが完全一致,False
choice-00149,choice,EXACT_MATCH,part_③-9,part_③-9,1.0,1.0,True,True,part_③,high,正規化後コンテンツハッシュが完全一致,False
choice-00150,choice,EXACT_MATCH,part_③-10,part_③-10,1.0,1.0,True,True,part_③,high,正規化後コンテンツハッシュが完全一致,False
choice-00151,choice,EXACT_MATCH,part_③-11,part_③-11,1.0,1.0,True,True,part_③,high,正規化後コンテンツハッシュが完全一致,False
choice-00152,choice,EXACT_MATCH,part_③-12,part_③-12,1.0,1.0,True,True,part_③,high,正規化後コンテンツハッシュが完全一致,False
choice-00153,choice,EXACT_MATCH,part_③-13,part_③-13,1.0,1.0,True,True,part_③,high,正規化後コンテンツハッシュが完全一致,False
choice-00154,choice,EXACT_MATCH,part_③-14,part_③-14,1.0,1.0,True,True,part_③,high,正規化後コンテンツハッシュが完全一致,False
choice-00155,choice,EXACT_MATCH,part_③-15,part_③-15,1.0,1.0,True,True,part_③,high,正規化後コンテンツハッシュが完全一致,False
choice-00156,choice,EXACT_MATCH,part_③-16,part_③-16,1.0,1.0,True,True,part_③,high,正規化後コンテンツハッシュが完全一致,False
choice-00157,choice,EXACT_MATCH,part_③-17,part_③-17,1.0,1.0,True,True,part_③,high,正規化後コンテンツハッシュが完全一致,False
choice-00158,choice,EXACT_MATCH,part_③-18,part_③-18,1.0,1.0,True,True,part_③,high,正規化後コンテンツハッシュが完全一致,False
choice-00159,choice,EXACT_MATCH,part_③-19,part_③-19,1.0,1.0,True,True,part_③,high,正規化後コンテンツハッシュが完全一致,False
choice-00160,choice,EXACT_MATCH,part_③-20,part_③-20,1.0,1.0,True,True,part_③,high,正規化後コンテンツハッシュが完全一致,False
choice-00161,choice,EXACT_MATCH,part_③-21,part_③-21,1.0,1.0,True,True,part_③,high,正規化後コンテンツハッシュが完全一致,False
choice-00162,choice,EXACT_MATCH,part_③-22,part_③-22,1.0,1.0,True,True,part_③,high,正規化後コンテンツハッシュが完全一致,False
choice-00163,choice,EXACT_MATCH,part_③-23,part_③-23,1.0,1.0,True,True,part_③,high,正規化後コンテンツハッシュが完全一致,False
choice-00164,choice,EXACT_MATCH,part_③-24,part_③-24,1.0,1.0,True,True,part_③,high,正規化後コンテンツハッシュが完全一致,False
choice-00165,choice,EXACT_MATCH,part_③-25,part_③-25,1.0,1.0,True,True,part_③,high,正規化後コンテンツハッシュが完全一致,False
choice-00166,choice,EXACT_MATCH,part_③-26,part_③-26,1.0,1.0,True,True,part_③,high,正規化後コンテンツハッシュが完全一致,False
choice-00167,choice,EXACT_MATCH,part_③-27,part_③-27,1.0,1.0,True,True,part_③,high,正規化後コンテンツハッシュが完全一致,False
choice-00168,choice,EXACT_MATCH,part_③-28,part_③-28,1.0,1.0,True,True,part_③,high,正規化後コンテンツハッシュが完全一致,False
choice-00169,choice,EXACT_MATCH,part_③-29,part_③-29,1.0,1.0,True,True,part_③,high,正規化後コンテンツハッシュが完全一致,False
choice-00170,choice,EXACT_MATCH,part_③-30,part_③-30,1.0,1.0,True,True,part_③,high,正規化後コンテンツハッシュが完全一致,False
choice-00171,choice,EXACT_MATCH,part_③-31,part_③-31,1.0,1.0,True,True,part_③,high,正規化後コンテンツハッシュが完全一致,False
choice-00172,choice,EXACT_MATCH,part_③-32,part_③-32,1.0,1.0,True,True,part_③,high,正規化後コンテンツハッシュが完全一致,False
choice-00173,choice,EXACT_MATCH,part_③-33,part_③-33,1.0,1.0,True,True,part_③,high,正規化後コンテンツハッシュが完全一致,False
choice-00174,choice,EXACT_MATCH,part_③-34,part_③-34,1.0,1.0,True,True,part_③,high,正規化後コンテンツハッシュが完全一致,False
choice-00175,choice,EXACT_MATCH,part_③-35,part_③-35,1.0,1.0,True,True,part_③,high,正規化後コンテンツハッシュが完全一致,False
choice-00176,choice,EXACT_MATCH,part_③-36,part_③-36,1.0,1.0,True,True,part_③,high,正規化後コンテンツハッシュが完全一致,False
choice-00177,choice,EXACT_MATCH,part_③-37,part_③-37,1.0,1.0,True,True,part_③,high,正規化後コンテンツハッシュが完全一致,False
choice-00178,choice,EXACT_MATCH,part_③-38,part_③-38,1.0,1.0,True,True,part_③,high,正規化後コンテンツハッシュが完全一致,False
choice-00179,choice,EXACT_MATCH,part_③-39,part_③-39,1.0,1.0,True,True,part_③,high,正規化後コンテンツハッシュが完全一致,False
choice-00180,choice,EXACT_MATCH,part_③-40,part_③-40,1.0,1.0,True,True,part_③,high,正規化後コンテンツハッシュが完全一致,False
choice-00181,choice,EXACT_MATCH,part_③-41,part_③-41,1.0,1.0,True,True,part_③,high,正規化後コンテンツハッシュが完全一致,False
choice-00182,choice,EXACT_MATCH,part_③-42,part_③-42,1.0,1.0,True,True,part_③,high,正規化後コンテンツハッシュが完全一致,False
choice-00183,choice,EXACT_MATCH,part_③-43,part_③-43,1.0,1.0,True,True,part_③,high,正規化後コンテンツハッシュが完全一致,False
choice-00184,choice,EXACT_MATCH,part_③-44,part_③-44,1.0,1.0,True,True,part_③,high,正規化後コンテンツハッシュが完全一致,False
choice-00185,choice,EXACT_MATCH,part_③-45,part_③-45,1.0,1.0,True,True,part_③,high,正規化後コンテンツハッシュが完全一致,False
choice-00186,choice,EXACT_MATCH,part_③-46,part_③-46,1.0,1.0,True,True,part_③,high,正規化後コンテンツハッシュが完全一致,False
choice-00187,choice,EXACT_MATCH,part_③-47,part_③-47,1.0,1.0,True,True,part_③,high,正規化後コンテンツハッシュが完全一致,False
choice-00188,choice,EXACT_MATCH,part_③-48,part_③-48,1.0,1.0,True,True,part_③,high,正規化後コンテンツハッシュが完全一致,False
choice-00189,choice,EXACT_MATCH,part_③-49,part_③-49,1.0,1.0,True,True,part_③,high,正規化後コンテンツハッシュが完全一致,False
choice-00190,choice,EXACT_MATCH,part_③-50,part_③-50,1.0,1.0,True,True,part_③,high,正規化後コンテンツハッシュが完全一致,False
choice-00191,choice,EXACT_MATCH,part_③-51,part_③-51,1.0,1.0,True,True,part_③,high,正規化後コンテンツハッシュが完全一致,False
choice-00192,choice,EXACT_MATCH,part_③-52,part_③-52,1.0,1.0,True,True,part_③,high,正規化後コンテンツハッシュが完全一致,False
choice-00193,choice,EXACT_MATCH,part_③-53,part_③-53,1.0,1.0,True,True,part_③,high,正規化後コンテンツハッシュが完全一致,False
choice-00194,choice,EXACT_MATCH,part_③-54,part_③-54,1.0,1.0,True,True,part_③,high,正規化後コンテンツハッシュが完全一致,False
choice-00195,choice,EXACT_MATCH,part_③-55,part_③-55,1.0,1.0,True,True,part_③,high,正規化後コンテンツハッシュが完全一致,False
choice-00196,choice,EXACT_MATCH,part_③-56,part_③-56,1.0,1.0,True,True,part_③,high,正規化後コンテンツハッシュが完全一致,False
choice-00197,choice,EXACT_MATCH,part_③-57,part_③-57,1.0,1.0,True,True,part_③,high,正規化後コンテンツハッシュが完全一致,False
choice-00198,choice,EXACT_MATCH,part_③-58,part_③-58,1.0,1.0,True,True,part_③,high,正規化後コンテンツハッシュが完全一致,False
choice-00199,choice,EXACT_MATCH,part_③-59,part_③-59,1.0,1.0,True,True,part_③,high,正規化後コンテンツハッシュが完全一致,False
choice-00200,choice,EXACT_MATCH,part_③-60,part_③-60,1.0,1.0,True,True,part_③,high,正規化後コンテンツハッシュが完全一致,False
choice-00201,choice,EXACT_MATCH,part_③-61,part_③-61,1.0,1.0,True,True,part_③,high,正規化後コンテンツハッシュが完全一致,False
choice-00202,choice,EXACT_MATCH,part_③-62,part_③-62,1.0,1.0,True,True,part_③,high,正規化後コンテンツハッシュが完全一致,False
choice-00203,choice,EXACT_MATCH,part_③-63,part_③-63,1.0,1.0,True,True,part_③,high,正規化後コンテンツハッシュが完全一致,False
choice-00204,choice,EXACT_MATCH,part_③-64,part_③-64,1.0,1.0,True,True,part_③,high,正規化後コンテンツハッシュが完全一致,False
choice-00205,choice,EXACT_MATCH,part_④-1,part_④-1,1.0,1.0,True,True,part_④,high,正規化後コンテンツハッシュが完全一致,False
choice-00206,choice,EXACT_MATCH,part_④-2,part_④-2,1.0,1.0,True,True,part_④,high,正規化後コンテンツハッシュが完全一致,False
choice-00207,choice,EXACT_MATCH,part_④-3,part_④-3,1.0,1.0,True,True,part_④,high,正規化後コンテンツハッシュが完全一致,False
choice-00208,choice,EXACT_MATCH,part_④-4,part_④-4,1.0,1.0,True,True,part_④,high,正規化後コンテンツハッシュが完全一致,False
choice-00209,choice,EXACT_MATCH,part_④-5,part_④-5,1.0,1.0,True,True,part_④,high,正規化後コンテンツハッシュが完全一致,False
choice-00210,choice,EXACT_MATCH,part_④-6,part_④-6,1.0,1.0,True,True,part_④,high,正規化後コンテンツハッシュが完全一致,False
choice-00211,choice,EXACT_MATCH,part_④-7,part_④-7,1.0,1.0,True,True,part_④,high,正規化後コンテンツハッシュが完全一致,False
choice-00212,choice,EXACT_MATCH,part_④-8,part_④-8,1.0,1.0,True,True,part_④,high,正規化後コンテンツハッシュが完全一致,False
choice-00213,choice,EXACT_MATCH,part_④-9,part_④-9,1.0,1.0,True,True,part_④,high,正規化後コンテンツハッシュが完全一致,False
choice-00214,choice,EXACT_MATCH,part_④-10,part_④-10,1.0,1.0,True,True,part_④,high,正規化後コンテンツハッシュが完全一致,False
choice-00215,choice,EXACT_MATCH,part_④-11,part_④-11,1.0,1.0,True,True,part_④,high,正規化後コンテンツハッシュが完全一致,False
choice-00216,choice,EXACT_MATCH,part_④-12,part_④-12,1.0,1.0,True,True,part_④,high,正規化後コンテンツハッシュが完全一致,False
choice-00217,choice,EXACT_MATCH,part_④-13,part_④-13,1.0,1.0,True,True,part_④,high,正規化後コンテンツハッシュが完全一致,False
choice-00218,choice,EXACT_MATCH,part_④-14,part_④-14,1.0,1.0,True,True,part_④,high,正規化後コンテンツハッシュが完全一致,False
choice-00219,choice,EXACT_MATCH,part_④-15,part_④-15,1.0,1.0,True,True,part_④,high,正規化後コンテンツハッシュが完全一致,False
choice-00220,choice,EXACT_MATCH,part_④-16,part_④-16,1.0,1.0,True,True,part_④,high,正規化後コンテンツハッシュが完全一致,False
choice-00221,choice,EXACT_MATCH,part_④-17,part_④-17,1.0,1.0,True,True,part_④,high,正規化後コンテンツハッシュが完全一致,False
choice-00222,choice,EXACT_MATCH,part_④-18,part_④-18,1.0,1.0,True,True,part_④,high,正規化後コンテンツハッシュが完全一致,False
choice-00223,choice,EXACT_MATCH,part_④-19,part_④-19,1.0,1.0,True,True,part_④,high,正規化後コンテンツハッシュが完全一致,False
choice-00224,choice,EXACT_MATCH,part_④-20,part_④-20,1.0,1.0,True,True,part_④,high,正規化後コンテンツハッシュが完全一致,False
choice-00225,choice,EXACT_MATCH,part_④-21,part_④-21,1.0,1.0,True,True,part_④,high,正規化後コンテンツハッシュが完全一致,False
choice-00226,choice,EXACT_MATCH,part_④-22,part_④-22,1.0,1.0,True,True,part_④,high,正規化後コンテンツハッシュが完全一致,False
choice-00227,choice,EXACT_MATCH,part_④-23,part_④-23,1.0,1.0,True,True,part_④,high,正規化後コンテンツハッシュが完全一致,False
choice-00228,choice,EXACT_MATCH,part_④-24,part_④-24,1.0,1.0,True,True,part_④,high,正規化後コンテンツハッシュが完全一致,False
choice-00229,choice,EXACT_MATCH,part_④-25,part_④-25,1.0,1.0,True,True,part_④,high,正規化後コンテンツハッシュが完全一致,False
choice-00230,choice,EXACT_MATCH,part_④-26,part_④-26,1.0,1.0,True,True,part_④,high,正規化後コンテンツハッシュが完全一致,False
choice-00231,choice,EXACT_MATCH,part_④-27,part_④-27,1.0,1.0,True,True,part_④,high,正規化後コンテンツハッシュが完全一致,False
choice-00232,choice,EXACT_MATCH,part_④-28,part_④-28,1.0,1.0,True,True,part_④,high,正規化後コンテンツハッシュが完全一致,False
choice-00233,choice,EXACT_MATCH,part_④-29,part_④-29,1.0,1.0,True,True,part_④,high,正規化後コンテンツハッシュが完全一致,False
choice-00234,choice,EXACT_MATCH,part_④-30,part_④-30,1.0,1.0,True,True,part_④,high,正規化後コンテンツハッシュが完全一致,False
choice-00235,choice,EXACT_MATCH,part_④-31,part_④-31,1.0,1.0,True,True,part_④,high,正規化後コンテンツハッシュが完全一致,False
choice-00236,choice,EXACT_MATCH,part_④-32,part_④-32,1.0,1.0,True,True,part_④,high,正規化後コンテンツハッシュが完全一致,False
choice-00237,choice,EXACT_MATCH,part_④-33,part_④-33,1.0,1.0,True,True,part_④,high,正規化後コンテンツハッシュが完全一致,False
choice-00238,choice,EXACT_MATCH,part_④-34,part_④-34,1.0,1.0,True,True,part_④,high,正規化後コンテンツハッシュが完全一致,False
choice-00239,choice,EXACT_MATCH,part_④-35,part_④-35,1.0,1.0,True,True,part_④,high,正規化後コンテンツハッシュが完全一致,False
choice-00240,choice,EXACT_MATCH,part_④-36,part_④-36,1.0,1.0,True,True,part_④,high,正規化後コンテンツハッシュが完全一致,False
choice-00241,choice,EXACT_MATCH,part_④-37,part_④-37,1.0,1.0,True,True,part_④,high,正規化後コンテンツハッシュが完全一致,False
choice-00242,choice,EXACT_MATCH,part_④-38,part_④-38,1.0,1.0,True,True,part_④,high,正規化後コンテンツハッシュが完全一致,False
choice-00243,choice,EXACT_MATCH,part_④-39,part_④-39,1.0,1.0,True,True,part_④,high,正規化後コンテンツハッシュが完全一致,False
choice-00244,choice,EXACT_MATCH,part_④-40,part_④-40,1.0,1.0,True,True,part_④,high,正規化後コンテンツハッシュが完全一致,False
choice-00245,choice,EXACT_MATCH,part_④-41,part_④-41,1.0,1.0,True,True,part_④,high,正規化後コンテンツハッシュが完全一致,False
choice-00246,choice,EXACT_MATCH,part_④-42,part_④-42,1.0,1.0,True,True,part_④,high,正規化後コンテンツハッシュが完全一致,False
choice-00247,choice,EXACT_MATCH,part_④-43,part_④-43,1.0,1.0,True,True,part_④,high,正規化後コンテンツハッシュが完全一致,False
choice-00248,choice,EXACT_MATCH,part_④-44,part_④-44,1.0,1.0,True,True,part_④,high,正規化後コンテンツハッシュが完全一致,False
choice-00249,choice,EXACT_MATCH,part_④-45,part_④-45,1.0,1.0,True,True,part_④,high,正規化後コンテンツハッシュが完全一致,False
choice-00250,choice,EXACT_MATCH,part_④-46,part_④-46,1.0,1.0,True,True,part_④,high,正規化後コンテンツハッシュが完全一致,False
choice-00251,choice,EXACT_MATCH,part_④-47,part_④-47,1.0,1.0,True,True,part_④,high,正規化後コンテンツハッシュが完全一致,False
choice-00252,choice,EXACT_MATCH,part_④-48,part_④-48,1.0,1.0,True,True,part_④,high,正規化後コンテンツハッシュが完全一致,False
choice-00253,choice,EXACT_MATCH,part_④-49,part_④-49,1.0,1.0,True,True,part_④,high,正規化後コンテンツハッシュが完全一致,False
choice-00254,choice,EXACT_MATCH,part_④-50,part_④-50,1.0,1.0,True,True,part_④,high,正規化後コンテンツハッシュが完全一致,False
choice-00255,choice,EXACT_MATCH,part_④-51,part_④-51,1.0,1.0,True,True,part_④,high,正規化後コンテンツハッシュが完全一致,False
choice-00256,choice,EXACT_MATCH,part_④-52,part_④-52,1.0,1.0,True,True,part_④,high,正規化後コンテンツハッシュが完全一致,False
choice-00257,choice,EXACT_MATCH,part_④-53,part_④-53,1.0,1.0,True,True,part_④,high,正規化後コンテンツハッシュが完全一致,False
choice-00258,choice,EXACT_MATCH,part_④-54,part_④-54,1.0,1.0,True,True,part_④,high,正規化後コンテンツハッシュが完全一致,False
choice-00259,choice,EXACT_MATCH,part_④-55,part_④-55,1.0,1.0,True,True,part_④,high,正規化後コンテンツハッシュが完全一致,False
choice-00260,choice,EXACT_MATCH,part_④-56,part_④-56,1.0,1.0,True,True,part_④,high,正規化後コンテンツハッシュが完全一致,False
choice-00261,choice,EXACT_MATCH,part_④-57,part_④-57,1.0,1.0,True,True,part_④,high,正規化後コンテンツハッシュが完全一致,False
choice-00262,choice,EXACT_MATCH,part_④-58,part_④-58,1.0,1.0,True,True,part_④,high,正規化後コンテンツハッシュが完全一致,False
choice-00263,choice,EXACT_MATCH,part_④-59,part_④-59,1.0,1.0,True,True,part_④,high,正規化後コンテンツハッシュが完全一致,False
choice-00264,choice,EXACT_MATCH,part_④-60,part_④-60,1.0,1.0,True,True,part_④,high,正規化後コンテンツハッシュが完全一致,False
choice-00265,choice,EXACT_MATCH,part_④-61,part_④-61,1.0,1.0,True,True,part_④,high,正規化後コンテンツハッシュが完全一致,False
choice-00266,choice,EXACT_MATCH,part_④-62,part_④-62,1.0,1.0,True,True,part_④,high,正規化後コンテンツハッシュが完全一致,False
choice-00267,choice,EXACT_MATCH,part_④-63,part_④-63,1.0,1.0,True,True,part_④,high,正規化後コンテンツハッシュが完全一致,False
choice-00268,choice,EXACT_MATCH,part_④-64,part_④-64,1.0,1.0,True,True,part_④,high,正規化後コンテンツハッシュが完全一致,False
choice-00269,choice,EXACT_MATCH,part_④-65,part_④-65,1.0,1.0,True,True,part_④,high,正規化後コンテンツハッシュが完全一致,False
choice-00270,choice,EXACT_MATCH,part_④-66,part_④-66,1.0,1.0,True,True,part_④,high,正規化後コンテンツハッシュが完全一致,False
choice-00271,choice,EXACT_MATCH,part_④-67,part_④-67,1.0,1.0,True,True,part_④,high,正規化後コンテンツハッシュが完全一致,False
choice-00272,choice,EXACT_MATCH,part_④-68,part_④-68,1.0,1.0,True,True,part_④,high,正規化後コンテンツハッシュが完全一致,False
choice-00273,choice,EXACT_MATCH,part_④-69,part_④-69,1.0,1.0,True,True,part_④,high,正規化後コンテンツハッシュが完全一致,False
choice-00274,choice,EXACT_MATCH,part_④-70,part_④-70,1.0,1.0,True,True,part_④,high,正規化後コンテンツハッシュが完全一致,False
choice-00275,choice,EXACT_MATCH,part_④-71,part_④-71,1.0,1.0,True,True,part_④,high,正規化後コンテンツハッシュが完全一致,False
choice-00276,choice,EXACT_MATCH,part_④-72,part_④-72,1.0,1.0,True,True,part_④,high,正規化後コンテンツハッシュが完全一致,False
choice-00277,choice,EXACT_MATCH,part_④-73,part_④-73,1.0,1.0,True,True,part_④,high,正規化後コンテンツハッシュが完全一致,False
choice-00278,choice,EXACT_MATCH,part_④-74,part_④-74,1.0,1.0,True,True,part_④,high,正規化後コンテンツハッシュが完全一致,False
choice-00279,choice,EXACT_MATCH,part_④-75,part_④-75,1.0,1.0,True,True,part_④,high,正規化後コンテンツハッシュが完全一致,False
choice-00280,choice,EXACT_MATCH,part_④-43,part_④-76,1.0,1.0,True,True,part_④,high,正規化後コンテンツハッシュが完全一致,False
choice-00281,choice,EXACT_MATCH,part_④-77,part_④-77,1.0,1.0,True,True,part_④,high,正規化後コンテンツハッシュが完全一致,False
choice-00282,choice,EXACT_MATCH,part_④-78,part_④-78,1.0,1.0,True,True,part_④,high,正規化後コンテンツハッシュが完全一致,False
choice-00283,choice,EXACT_MATCH,part_④-79,part_④-79,1.0,1.0,True,True,part_④,high,正規化後コンテンツハッシュが完全一致,False
choice-00284,choice,EXACT_MATCH,part_④-80,part_④-80,1.0,1.0,True,True,part_④,high,正規化後コンテンツハッシュが完全一致,False
choice-00285,choice,EXACT_MATCH,part_④-81,part_④-81,1.0,1.0,True,True,part_④,high,正規化後コンテンツハッシュが完全一致,False
choice-00286,choice,EXACT_MATCH,part_④-82,part_④-82,1.0,1.0,True,True,part_④,high,正規化後コンテンツハッシュが完全一致,False
choice-00287,choice,EXACT_MATCH,part_④-83,part_④-83,1.0,1.0,True,True,part_④,high,正規化後コンテンツハッシュが完全一致,False
choice-00288,choice,EXACT_MATCH,part_④-84,part_④-84,1.0,1.0,True,True,part_④,high,正規化後コンテンツハッシュが完全一致,False
choice-00289,choice,EXACT_MATCH,part_④-85,part_④-85,1.0,1.0,True,True,part_④,high,正規化後コンテンツハッシュが完全一致,False
choice-00290,choice,EXACT_MATCH,part_④-86,part_④-86,1.0,1.0,True,True,part_④,high,正規化後コンテンツハッシュが完全一致,False
choice-00291,choice,EXACT_MATCH,part_④-87,part_④-87,1.0,1.0,True,True,part_④,high,正規化後コンテンツハッシュが完全一致,False
choice-00292,choice,EXACT_MATCH,part_④-88,part_④-88,1.0,1.0,True,True,part_④,high,正規化後コンテンツハッシュが完全一致,False
choice-00293,choice,EXACT_MATCH,part_④-89,part_④-89,1.0,1.0,True,True,part_④,high,正規化後コンテンツハッシュが完全一致,False
choice-00294,choice,EXACT_MATCH,part_④-90,part_④-90,1.0,1.0,True,True,part_④,high,正規化後コンテンツハッシュが完全一致,False
choice-00295,choice,EXACT_MATCH,part_④-91,part_④-91,1.0,1.0,True,True,part_④,high,正規化後コンテンツハッシュが完全一致,False
choice-00296,choice,EXACT_MATCH,part_⑤-1,part_⑤-1,1.0,1.0,True,True,part_⑤,high,正規化後コンテンツハッシュが完全一致,False
choice-00297,choice,EXACT_MATCH,part_⑤-2,part_⑤-2,1.0,1.0,True,True,part_⑤,high,正規化後コンテンツハッシュが完全一致,False
choice-00298,choice,EXACT_MATCH,part_⑤-3,part_⑤-3,1.0,1.0,True,True,part_⑤,high,正規化後コンテンツハッシュが完全一致,False
choice-00299,choice,EXACT_MATCH,part_⑤-4,part_⑤-4,1.0,1.0,True,True,part_⑤,high,正規化後コンテンツハッシュが完全一致,False
choice-00300,choice,EXACT_MATCH,part_⑤-5,part_⑤-5,1.0,1.0,True,True,part_⑤,high,正規化後コンテンツハッシュが完全一致,False
choice-00301,choice,EXACT_MATCH,part_⑤-6,part_⑤-6,1.0,1.0,True,True,part_⑤,high,正規化後コンテンツハッシュが完全一致,False
choice-00302,choice,EXACT_MATCH,part_⑤-7,part_⑤-7,1.0,1.0,True,True,part_⑤,high,正規化後コンテンツハッシュが完全一致,False
choice-00303,choice,EXACT_MATCH,part_⑤-8,part_⑤-8,1.0,1.0,True,True,part_⑤,high,正規化後コンテンツハッシュが完全一致,False
choice-00304,choice,EXACT_MATCH,part_⑤-9,part_⑤-9,1.0,1.0,True,True,part_⑤,high,正規化後コンテンツハッシュが完全一致,False
choice-00305,choice,ANSWER_CONFLICT,part_⑤-10,part_⑤-10,1.0,1.0,False,True,part_⑤,high,同一ID・同一問題文だが正解が異なる,True
choice-00306,choice,EXACT_MATCH,part_⑤-11,part_⑤-11,1.0,1.0,True,True,part_⑤,high,正規化後コンテンツハッシュが完全一致,False
choice-00307,choice,EXACT_MATCH,part_⑤-12,part_⑤-12,1.0,1.0,True,True,part_⑤,high,正規化後コンテンツハッシュが完全一致,False
choice-00308,choice,EXACT_MATCH,part_⑤-13,part_⑤-13,1.0,1.0,True,True,part_⑤,high,正規化後コンテンツハッシュが完全一致,False
choice-00309,choice,EXACT_MATCH,part_⑤-14,part_⑤-14,1.0,1.0,True,True,part_⑤,high,正規化後コンテンツハッシュが完全一致,False
choice-00310,choice,EXACT_MATCH,part_⑤-15,part_⑤-15,1.0,1.0,True,True,part_⑤,high,正規化後コンテンツハッシュが完全一致,False
choice-00311,choice,EXACT_MATCH,part_⑤-16,part_⑤-16,1.0,1.0,True,True,part_⑤,high,正規化後コンテンツハッシュが完全一致,False
choice-00312,choice,EXACT_MATCH,part_⑤-17,part_⑤-17,1.0,1.0,True,True,part_⑤,high,正規化後コンテンツハッシュが完全一致,False
choice-00313,choice,EXACT_MATCH,part_⑤-18,part_⑤-18,1.0,1.0,True,True,part_⑤,high,正規化後コンテンツハッシュが完全一致,False
choice-00314,choice,EXACT_MATCH,part_⑤-19,part_⑤-19,1.0,1.0,True,True,part_⑤,high,正規化後コンテンツハッシュが完全一致,False
choice-00315,choice,EXACT_MATCH,part_⑤-20,part_⑤-20,1.0,1.0,True,True,part_⑤,high,正規化後コンテンツハッシュが完全一致,False
choice-00316,choice,EXACT_MATCH,part_⑤-21,part_⑤-21,1.0,1.0,True,True,part_⑤,high,正規化後コンテンツハッシュが完全一致,False
choice-00317,choice,EXACT_MATCH,part_⑤-22,part_⑤-22,1.0,1.0,True,True,part_⑤,high,正規化後コンテンツハッシュが完全一致,False
choice-00318,choice,EXACT_MATCH,part_⑤-23,part_⑤-23,1.0,1.0,True,True,part_⑤,high,正規化後コンテンツハッシュが完全一致,False
choice-00319,choice,EXACT_MATCH,part_⑤-24,part_⑤-24,1.0,1.0,True,True,part_⑤,high,正規化後コンテンツハッシュが完全一致,False
choice-00320,choice,EXACT_MATCH,part_⑤-25,part_⑤-25,1.0,1.0,True,True,part_⑤,high,正規化後コンテンツハッシュが完全一致,False
choice-00321,choice,EXACT_MATCH,part_⑤-26,part_⑤-26,1.0,1.0,True,True,part_⑤,high,正規化後コンテンツハッシュが完全一致,False
choice-00322,choice,EXACT_MATCH,part_⑤-27,part_⑤-27,1.0,1.0,True,True,part_⑤,high,正規化後コンテンツハッシュが完全一致,False
choice-00323,choice,EXACT_MATCH,part_⑤-28,part_⑤-28,1.0,1.0,True,True,part_⑤,high,正規化後コンテンツハッシュが完全一致,False
choice-00324,choice,EXACT_MATCH,part_⑤-29,part_⑤-29,1.0,1.0,True,True,part_⑤,high,正規化後コンテンツハッシュが完全一致,False
choice-00325,choice,EXACT_MATCH,part_⑤-30,part_⑤-30,1.0,1.0,True,True,part_⑤,high,正規化後コンテンツハッシュが完全一致,False
choice-00326,choice,EXACT_MATCH,part_⑤-31,part_⑤-31,1.0,1.0,True,True,part_⑤,high,正規化後コンテンツハッシュが完全一致,False
choice-00327,choice,EXACT_MATCH,part_⑤-32,part_⑤-32,1.0,1.0,True,True,part_⑤,high,正規化後コンテンツハッシュが完全一致,False
choice-00328,choice,EXACT_MATCH,part_⑤-33,part_⑤-33,1.0,1.0,True,True,part_⑤,high,正規化後コンテンツハッシュが完全一致,False
choice-00329,choice,EXACT_MATCH,part_⑤-34,part_⑤-34,1.0,1.0,True,True,part_⑤,high,正規化後コンテンツハッシュが完全一致,False
choice-00330,choice,EXACT_MATCH,part_⑤-35,part_⑤-35,1.0,1.0,True,True,part_⑤,high,正規化後コンテンツハッシュが完全一致,False
choice-00331,choice,EXACT_MATCH,part_⑤-36,part_⑤-36,1.0,1.0,True,True,part_⑤,high,正規化後コンテンツハッシュが完全一致,False
choice-00332,choice,EXACT_MATCH,part_⑤-37,part_⑤-37,1.0,1.0,True,True,part_⑤,high,正規化後コンテンツハッシュが完全一致,False
choice-00333,choice,EXACT_MATCH,part_⑤-38,part_⑤-38,1.0,1.0,True,True,part_⑤,high,正規化後コンテンツハッシュが完全一致,False
choice-00334,choice,EXACT_MATCH,part_⑤-39,part_⑤-39,1.0,1.0,True,True,part_⑤,high,正規化後コンテンツハッシュが完全一致,False
choice-00335,choice,EXACT_MATCH,part_⑤-40,part_⑤-40,1.0,1.0,True,True,part_⑤,high,正規化後コンテンツハッシュが完全一致,False
choice-00336,choice,EXACT_MATCH,part_⑤-41,part_⑤-41,1.0,1.0,True,True,part_⑤,high,正規化後コンテンツハッシュが完全一致,False
choice-00337,choice,EXACT_MATCH,part_⑤-42,part_⑤-42,1.0,1.0,True,True,part_⑤,high,正規化後コンテンツハッシュが完全一致,False
choice-00338,choice,EXACT_MATCH,part_⑤-43,part_⑤-43,1.0,1.0,True,True,part_⑤,high,正規化後コンテンツハッシュが完全一致,False
choice-00339,choice,EXACT_MATCH,part_⑤-44,part_⑤-44,1.0,1.0,True,True,part_⑤,high,正規化後コンテンツハッシュが完全一致,False
choice-00340,choice,EXACT_MATCH,part_⑤-45,part_⑤-45,1.0,1.0,True,True,part_⑤,high,正規化後コンテンツハッシュが完全一致,False
choice-00341,choice,EXACT_MATCH,part_⑤-46,part_⑤-46,1.0,1.0,True,True,part_⑤,high,正規化後コンテンツハッシュが完全一致,False
choice-00342,choice,EXACT_MATCH,part_⑤-47,part_⑤-47,1.0,1.0,True,True,part_⑤,high,正規化後コンテンツハッシュが完全一致,False
choice-00343,choice,EXACT_MATCH,part_⑤-48,part_⑤-48,1.0,1.0,True,True,part_⑤,high,正規化後コンテンツハッシュが完全一致,False
choice-00344,choice,EXACT_MATCH,part_⑤-49,part_⑤-49,1.0,1.0,True,True,part_⑤,high,正規化後コンテンツハッシュが完全一致,False
choice-00345,choice,EXACT_MATCH,part_⑤-50,part_⑤-50,1.0,1.0,True,True,part_⑤,high,正規化後コンテンツハッシュが完全一致,False
choice-00346,choice,EXACT_MATCH,part_⑤-51,part_⑤-51,1.0,1.0,True,True,part_⑤,high,正規化後コンテンツハッシュが完全一致,False
choice-00347,choice,EXACT_MATCH,part_⑤-52,part_⑤-52,1.0,1.0,True,True,part_⑤,high,正規化後コンテンツハッシュが完全一致,False
choice-00348,choice,EXACT_MATCH,part_⑤-53,part_⑤-53,1.0,1.0,True,True,part_⑤,high,正規化後コンテンツハッシュが完全一致,False
choice-00349,choice,EXACT_MATCH,part_⑤-54,part_⑤-54,1.0,1.0,True,True,part_⑤,high,正規化後コンテンツハッシュが完全一致,False
choice-00350,choice,EXACT_MATCH,part_⑤-55,part_⑤-55,1.0,1.0,True,True,part_⑤,high,正規化後コンテンツハッシュが完全一致,False
choice-00351,choice,EXACT_MATCH,part_⑤-56,part_⑤-56,1.0,1.0,True,True,part_⑤,high,正規化後コンテンツハッシュが完全一致,False
choice-00352,choice,EXACT_MATCH,part_⑤-57,part_⑤-57,1.0,1.0,True,True,part_⑤,high,正規化後コンテンツハッシュが完全一致,False
choice-00353,choice,EXACT_MATCH,part_④-74,part_⑤-58,1.0,1.0,True,True,part_⑤,high,正規化後コンテンツハッシュが完全一致,False
choice-00354,choice,EXACT_MATCH,part_①-29,part_⑤-59,1.0,1.0,True,True,part_⑤,high,正規化後コンテンツハッシュが完全一致,False
choice-00355,choice,EXACT_MATCH,part_⑤-60,part_⑤-60,1.0,1.0,True,True,part_⑤,high,正規化後コンテンツハッシュが完全一致,False
choice-00356,choice,EXACT_MATCH,part_⑤-61,part_⑤-61,1.0,1.0,True,True,part_⑤,high,正規化後コンテンツハッシュが完全一致,False
choice-00357,choice,EXACT_MATCH,part_⑤-62,part_⑤-62,1.0,1.0,True,True,part_⑤,high,正規化後コンテンツハッシュが完全一致,False
choice-00358,choice,EXACT_MATCH,part_③-38,part_⑤-63,1.0,1.0,True,True,part_⑤,high,正規化後コンテンツハッシュが完全一致,False
choice-00359,choice,EXACT_MATCH,part_⑤-64,part_⑤-64,1.0,1.0,True,True,part_⑤,high,正規化後コンテンツハッシュが完全一致,False
choice-00360,choice,EXACT_MATCH,part_⑤-65,part_⑤-65,1.0,1.0,True,True,part_⑤,high,正規化後コンテンツハッシュが完全一致,False
choice-00361,choice,EXACT_MATCH,part_⑤-66,part_⑤-66,1.0,1.0,True,True,part_⑤,high,正規化後コンテンツハッシュが完全一致,False
choice-00362,choice,EXACT_MATCH,part_⑤-67,part_⑤-67,1.0,1.0,True,True,part_⑤,high,正規化後コンテンツハッシュが完全一致,False
choice-00363,choice,EXACT_MATCH,part_⑤-68,part_⑤-68,1.0,1.0,True,True,part_⑤,high,正規化後コンテンツハッシュが完全一致,False
choice-00364,choice,EXACT_MATCH,part_⑤-69,part_⑤-69,1.0,1.0,True,True,part_⑤,high,正規化後コンテンツハッシュが完全一致,False
choice-00365,choice,EXACT_MATCH,part_⑤-70,part_⑤-70,1.0,1.0,True,True,part_⑤,high,正規化後コンテンツハッシュが完全一致,False
choice-00366,choice,EXACT_MATCH,part_⑤-71,part_⑤-71,1.0,1.0,True,True,part_⑤,high,正規化後コンテンツハッシュが完全一致,False
choice-00367,choice,EXACT_MATCH,part_⑤-72,part_⑤-72,1.0,1.0,True,True,part_⑤,high,正規化後コンテンツハッシュが完全一致,False
choice-00368,choice,EXACT_MATCH,part_⑤-73,part_⑤-73,1.0,1.0,True,True,part_⑤,high,正規化後コンテンツハッシュが完全一致,False
choice-00369,choice,EXACT_MATCH,part_⑤-74,part_⑤-74,1.0,1.0,True,True,part_⑤,high,正規化後コンテンツハッシュが完全一致,False
choice-00370,choice,EXACT_MATCH,part_⑤-75,part_⑤-75,1.0,1.0,True,True,part_⑤,high,正規化後コンテンツハッシュが完全一致,False
choice-00371,choice,EXACT_MATCH,part_④-42,part_⑤-76,1.0,1.0,True,True,part_⑤,high,正規化後コンテンツハッシュが完全一致,False
choice-00372,choice,EXACT_MATCH,part_⑤-77,part_⑤-77,1.0,1.0,True,True,part_⑤,high,正規化後コンテンツハッシュが完全一致,False
choice-00373,choice,EXACT_MATCH,part_⑤-78,part_⑤-78,1.0,1.0,True,True,part_⑤,high,正規化後コンテンツハッシュが完全一致,False
choice-00374,choice,EXACT_MATCH,part_⑤-79,part_⑤-79,1.0,1.0,True,True,part_⑤,high,正規化後コンテンツハッシュが完全一致,False
choice-00375,choice,EXACT_MATCH,part_⑤-80,part_⑤-80,1.0,1.0,True,True,part_⑤,high,正規化後コンテンツハッシュが完全一致,False
choice-00376,choice,EXACT_MATCH,part_⑤-81,part_⑤-81,1.0,1.0,True,True,part_⑤,high,正規化後コンテンツハッシュが完全一致,False
choice-00377,choice,EXACT_MATCH,part_④-79,part_⑤-82,1.0,1.0,True,True,part_⑤,high,正規化後コンテンツハッシュが完全一致,False
choice-00378,choice,EXACT_MATCH,part_⑤-83,part_⑤-83,1.0,1.0,True,True,part_⑤,high,正規化後コンテンツハッシュが完全一致,False
choice-00379,choice,EXACT_MATCH,part_⑤-84,part_⑤-84,1.0,1.0,True,True,part_⑤,high,正規化後コンテンツハッシュが完全一致,False
choice-00380,choice,EXACT_MATCH,part_⑤-85,part_⑤-85,1.0,1.0,True,True,part_⑤,high,正規化後コンテンツハッシュが完全一致,False
choice-00381,choice,EXACT_MATCH,part_⑤-86,part_⑤-86,1.0,1.0,True,True,part_⑤,high,正規化後コンテンツハッシュが完全一致,False
choice-00382,choice,EXACT_MATCH,part_⑤-87,part_⑤-87,1.0,1.0,True,True,part_⑤,high,正規化後コンテンツハッシュが完全一致,False
choice-00383,choice,EXACT_MATCH,part_⑤-88,part_⑤-88,1.0,1.0,True,True,part_⑤,high,正規化後コンテンツハッシュが完全一致,False
choice-00384,choice,EXACT_MATCH,part_⑤-89,part_⑤-89,1.0,1.0,True,True,part_⑤,high,正規化後コンテンツハッシュが完全一致,False
choice-00385,choice,EXACT_MATCH,part_⑤-90,part_⑤-90,1.0,1.0,True,True,part_⑤,high,正規化後コンテンツハッシュが完全一致,False
choice-00386,choice,EXACT_MATCH,part_⑤-91,part_⑤-91,1.0,1.0,True,True,part_⑤,high,正規化後コンテンツハッシュが完全一致,False
choice-00387,choice,EXACT_MATCH,part_⑤-92,part_⑤-92,1.0,1.0,True,True,part_⑤,high,正規化後コンテンツハッシュが完全一致,False
choice-00388,choice,EXACT_MATCH,part_⑤-93,part_⑤-93,1.0,1.0,True,True,part_⑤,high,正規化後コンテンツハッシュが完全一致,False
choice-00389,choice,EXACT_MATCH,part_⑤-94,part_⑤-94,1.0,1.0,True,True,part_⑤,high,正規化後コンテンツハッシュが完全一致,False
choice-00390,choice,EXACT_MATCH,part_⑤-25,part_⑤-95,1.0,1.0,True,True,part_⑤,high,正規化後コンテンツハッシュが完全一致,False
choice-00391,choice,EXACT_MATCH,part_⑤-96,part_⑤-96,1.0,1.0,True,True,part_⑤,high,正規化後コンテンツハッシュが完全一致,False
choice-00392,choice,EXACT_MATCH,part_⑤-97,part_⑤-97,1.0,1.0,True,True,part_⑤,high,正規化後コンテンツハッシュが完全一致,False
choice-00393,choice,EXACT_MATCH,part_⑤-98,part_⑤-98,1.0,1.0,True,True,part_⑤,high,正規化後コンテンツハッシュが完全一致,False
choice-00394,choice,EXACT_MATCH,part_⑤-3,part_⑤-99,1.0,1.0,True,True,part_⑤,high,正規化後コンテンツハッシュが完全一致,False
choice-00395,choice,EXACT_MATCH,part_⑤-100,part_⑤-100,1.0,1.0,True,True,part_⑤,high,正規化後コンテンツハッシュが完全一致,False
choice-00396,choice,EXACT_MATCH,part_⑤-101,part_⑤-101,1.0,1.0,True,True,part_⑤,high,正規化後コンテンツハッシュが完全一致,False
choice-00397,choice,EXACT_MATCH,part_⑤-102,part_⑤-102,1.0,1.0,True,True,part_⑤,high,正規化後コンテンツハッシュが完全一致,False
choice-00398,choice,EXACT_MATCH,part_⑥-1,part_⑥-1,1.0,1.0,True,True,part_⑥,high,正規化後コンテンツハッシュが完全一致,False
choice-00399,choice,EXACT_MATCH,part_⑥-2,part_⑥-2,1.0,1.0,True,True,part_⑥,high,正規化後コンテンツハッシュが完全一致,False
choice-00400,choice,EXACT_MATCH,part_⑥-3,part_⑥-3,1.0,1.0,True,True,part_⑥,high,正規化後コンテンツハッシュが完全一致,False
choice-00401,choice,EXACT_MATCH,part_⑥-4,part_⑥-4,1.0,1.0,True,True,part_⑥,high,正規化後コンテンツハッシュが完全一致,False
choice-00402,choice,EXACT_MATCH,part_⑥-5,part_⑥-5,1.0,1.0,True,True,part_⑥,high,正規化後コンテンツハッシュが完全一致,False
choice-00403,choice,EXACT_MATCH,part_⑥-6,part_⑥-6,1.0,1.0,True,True,part_⑥,high,正規化後コンテンツハッシュが完全一致,False
choice-00404,choice,EXACT_MATCH,part_⑥-7,part_⑥-7,1.0,1.0,True,True,part_⑥,high,正規化後コンテンツハッシュが完全一致,False
choice-00405,choice,EXACT_MATCH,part_⑥-8,part_⑥-8,1.0,1.0,True,True,part_⑥,high,正規化後コンテンツハッシュが完全一致,False
choice-00406,choice,EXACT_MATCH,part_⑥-9,part_⑥-9,1.0,1.0,True,True,part_⑥,high,正規化後コンテンツハッシュが完全一致,False
choice-00407,choice,EXACT_MATCH,part_⑥-10,part_⑥-10,1.0,1.0,True,True,part_⑥,high,正規化後コンテンツハッシュが完全一致,False
choice-00408,choice,EXACT_MATCH,part_⑥-11,part_⑥-11,1.0,1.0,True,True,part_⑥,high,正規化後コンテンツハッシュが完全一致,False
choice-00409,choice,EXACT_MATCH,part_⑥-12,part_⑥-12,1.0,1.0,True,True,part_⑥,high,正規化後コンテンツハッシュが完全一致,False
choice-00410,choice,EXACT_MATCH,part_⑥-13,part_⑥-13,1.0,1.0,True,True,part_⑥,high,正規化後コンテンツハッシュが完全一致,False
choice-00411,choice,EXACT_MATCH,part_⑥-14,part_⑥-14,1.0,1.0,True,True,part_⑥,high,正規化後コンテンツハッシュが完全一致,False
choice-00412,choice,EXACT_MATCH,part_⑥-15,part_⑥-15,1.0,1.0,True,True,part_⑥,high,正規化後コンテンツハッシュが完全一致,False
choice-00413,choice,EXACT_MATCH,part_⑥-16,part_⑥-16,1.0,1.0,True,True,part_⑥,high,正規化後コンテンツハッシュが完全一致,False
choice-00414,choice,EXACT_MATCH,part_⑥-17,part_⑥-17,1.0,1.0,True,True,part_⑥,high,正規化後コンテンツハッシュが完全一致,False
choice-00415,choice,EXACT_MATCH,part_⑥-18,part_⑥-18,1.0,1.0,True,True,part_⑥,high,正規化後コンテンツハッシュが完全一致,False
choice-00416,choice,EXACT_MATCH,part_⑥-19,part_⑥-19,1.0,1.0,True,True,part_⑥,high,正規化後コンテンツハッシュが完全一致,False
choice-00417,choice,EXACT_MATCH,part_⑥-20,part_⑥-20,1.0,1.0,True,True,part_⑥,high,正規化後コンテンツハッシュが完全一致,False
choice-00418,choice,EXACT_MATCH,part_⑥-21,part_⑥-21,1.0,1.0,True,True,part_⑥,high,正規化後コンテンツハッシュが完全一致,False
choice-00419,choice,EXACT_MATCH,part_⑥-22,part_⑥-22,1.0,1.0,True,True,part_⑥,high,正規化後コンテンツハッシュが完全一致,False
choice-00420,choice,EXACT_MATCH,part_⑥-23,part_⑥-23,1.0,1.0,True,True,part_⑥,high,正規化後コンテンツハッシュが完全一致,False
choice-00421,choice,EXACT_MATCH,part_⑥-24,part_⑥-24,1.0,1.0,True,True,part_⑥,high,正規化後コンテンツハッシュが完全一致,False
choice-00422,choice,EXACT_MATCH,part_⑥-25,part_⑥-25,1.0,1.0,True,True,part_⑥,high,正規化後コンテンツハッシュが完全一致,False
choice-00423,choice,EXACT_MATCH,part_⑥-26,part_⑥-26,1.0,1.0,True,True,part_⑥,high,正規化後コンテンツハッシュが完全一致,False
choice-00424,choice,EXACT_MATCH,part_⑥-27,part_⑥-27,1.0,1.0,True,True,part_⑥,high,正規化後コンテンツハッシュが完全一致,False
choice-00425,choice,EXACT_MATCH,part_⑥-28,part_⑥-28,1.0,1.0,True,True,part_⑥,high,正規化後コンテンツハッシュが完全一致,False
choice-00426,choice,EXACT_MATCH,part_⑥-29,part_⑥-29,1.0,1.0,True,True,part_⑥,high,正規化後コンテンツハッシュが完全一致,False
choice-00427,choice,EXACT_MATCH,part_⑥-30,part_⑥-30,1.0,1.0,True,True,part_⑥,high,正規化後コンテンツハッシュが完全一致,False
choice-00428,choice,EXACT_MATCH,part_⑥-31,part_⑥-31,1.0,1.0,True,True,part_⑥,high,正規化後コンテンツハッシュが完全一致,False
choice-00429,choice,EXACT_MATCH,part_⑥-32,part_⑥-32,1.0,1.0,True,True,part_⑥,high,正規化後コンテンツハッシュが完全一致,False
choice-00430,choice,EXACT_MATCH,part_⑥-33,part_⑥-33,1.0,1.0,True,True,part_⑥,high,正規化後コンテンツハッシュが完全一致,False
choice-00431,choice,EXACT_MATCH,part_⑥-34,part_⑥-34,1.0,1.0,True,True,part_⑥,high,正規化後コンテンツハッシュが完全一致,False
choice-00432,choice,EXACT_MATCH,part_⑥-35,part_⑥-35,1.0,1.0,True,True,part_⑥,high,正規化後コンテンツハッシュが完全一致,False
choice-00433,choice,EXACT_MATCH,part_⑥-36,part_⑥-36,1.0,1.0,True,True,part_⑥,high,正規化後コンテンツハッシュが完全一致,False
choice-00434,choice,EXACT_MATCH,part_⑥-37,part_⑥-37,1.0,1.0,True,True,part_⑥,high,正規化後コンテンツハッシュが完全一致,False
choice-00435,choice,EXACT_MATCH,part_⑥-38,part_⑥-38,1.0,1.0,True,True,part_⑥,high,正規化後コンテンツハッシュが完全一致,False
choice-00436,choice,EXACT_MATCH,part_⑥-39,part_⑥-39,1.0,1.0,True,True,part_⑥,high,正規化後コンテンツハッシュが完全一致,False
choice-00437,choice,EXACT_MATCH,part_⑥-40,part_⑥-40,1.0,1.0,True,True,part_⑥,high,正規化後コンテンツハッシュが完全一致,False
choice-00438,choice,EXACT_MATCH,part_⑥-41,part_⑥-41,1.0,1.0,True,True,part_⑥,high,正規化後コンテンツハッシュが完全一致,False
choice-00439,choice,EXACT_MATCH,part_⑥-42,part_⑥-42,1.0,1.0,True,True,part_⑥,high,正規化後コンテンツハッシュが完全一致,False
choice-00440,choice,EXACT_MATCH,part_⑥-43,part_⑥-43,1.0,1.0,True,True,part_⑥,high,正規化後コンテンツハッシュが完全一致,False
choice-00441,choice,EXACT_MATCH,part_⑥-44,part_⑥-44,1.0,1.0,True,True,part_⑥,high,正規化後コンテンツハッシュが完全一致,False
choice-00442,choice,EXACT_MATCH,part_⑥-45,part_⑥-45,1.0,1.0,True,True,part_⑥,high,正規化後コンテンツハッシュが完全一致,False
choice-00443,choice,EXACT_MATCH,part_⑥-46,part_⑥-46,1.0,1.0,True,True,part_⑥,high,正規化後コンテンツハッシュが完全一致,False
choice-00444,choice,EXACT_MATCH,part_⑥-47,part_⑥-47,1.0,1.0,True,True,part_⑥,high,正規化後コンテンツハッシュが完全一致,False
choice-00445,choice,EXACT_MATCH,part_⑥-48,part_⑥-48,1.0,1.0,True,True,part_⑥,high,正規化後コンテンツハッシュが完全一致,False
choice-00446,choice,EXACT_MATCH,part_⑥-49,part_⑥-49,1.0,1.0,True,True,part_⑥,high,正規化後コンテンツハッシュが完全一致,False
choice-00447,choice,EXACT_MATCH,part_⑥-50,part_⑥-50,1.0,1.0,True,True,part_⑥,high,正規化後コンテンツハッシュが完全一致,False
choice-00448,choice,EXACT_MATCH,part_⑥-51,part_⑥-51,1.0,1.0,True,True,part_⑥,high,正規化後コンテンツハッシュが完全一致,False
choice-00449,choice,EXACT_MATCH,part_⑥-52,part_⑥-52,1.0,1.0,True,True,part_⑥,high,正規化後コンテンツハッシュが完全一致,False
choice-00450,choice,EXACT_MATCH,part_⑥-53,part_⑥-53,1.0,1.0,True,True,part_⑥,high,正規化後コンテンツハッシュが完全一致,False
choice-00451,choice,EXACT_MATCH,part_⑥-54,part_⑥-54,1.0,1.0,True,True,part_⑥,high,正規化後コンテンツハッシュが完全一致,False
choice-00452,choice,EXACT_MATCH,part_⑥-55,part_⑥-55,1.0,1.0,True,True,part_⑥,high,正規化後コンテンツハッシュが完全一致,False
choice-00453,choice,EXACT_MATCH,part_⑥-56,part_⑥-56,1.0,1.0,True,True,part_⑥,high,正規化後コンテンツハッシュが完全一致,False
choice-00454,choice,EQUIVALENT,part_⑥-57,part_⑥-57,1.0,1.0,True,False,part_⑥,high,同一ID・同一問題文・同一正解だが画像/解説等でハッシュが不一致,False
choice-00455,choice,EQUIVALENT,part_⑥-58,part_⑥-58,1.0,1.0,True,False,part_⑥,high,同一ID・同一問題文・同一正解だが画像/解説等でハッシュが不一致,False
choice-00456,choice,EQUIVALENT,part_⑥-59,part_⑥-59,1.0,1.0,True,False,part_⑥,high,同一ID・同一問題文・同一正解だが画像/解説等でハッシュが不一致,False
choice-00457,choice,EQUIVALENT,part_⑥-60,part_⑥-60,1.0,1.0,True,False,part_⑥,high,同一ID・同一問題文・同一正解だが画像/解説等でハッシュが不一致,False
choice-00458,choice,EQUIVALENT,part_⑥-61,part_⑥-61,1.0,1.0,True,False,part_⑥,high,同一ID・同一問題文・同一正解だが画像/解説等でハッシュが不一致,False
choice-00459,choice,EQUIVALENT,part_⑥-62,part_⑥-62,1.0,1.0,True,False,part_⑥,high,同一ID・同一問題文・同一正解だが画像/解説等でハッシュが不一致,False
choice-00460,choice,ANSWER_CONFLICT,part_⑥-63,part_⑥-63,1.0,1.0,False,False,part_⑥,high,同一ID・同一問題文だが正解が異なる,True
choice-00461,choice,EQUIVALENT,part_⑥-64,part_⑥-64,1.0,1.0,True,False,part_⑥,high,同一ID・同一問題文・同一正解だが画像/解説等でハッシュが不一致,False
choice-00462,choice,EQUIVALENT,part_⑥-65,part_⑥-65,1.0,1.0,True,False,part_⑥,high,同一ID・同一問題文・同一正解だが画像/解説等でハッシュが不一致,False
choice-00463,choice,EQUIVALENT,part_⑥-66,part_⑥-66,1.0,1.0,True,False,part_⑥,high,同一ID・同一問題文・同一正解だが画像/解説等でハッシュが不一致,False
choice-00464,choice,EQUIVALENT,part_⑥-67,part_⑥-67,1.0,1.0,True,False,part_⑥,high,同一ID・同一問題文・同一正解だが画像/解説等でハッシュが不一致,False
choice-00465,choice,EQUIVALENT,part_⑥-68,part_⑥-68,1.0,1.0,True,False,part_⑥,high,同一ID・同一問題文・同一正解だが画像/解説等でハッシュが不一致,False
choice-00466,choice,EQUIVALENT,part_⑥-69,part_⑥-69,1.0,1.0,True,False,part_⑥,high,同一ID・同一問題文・同一正解だが画像/解説等でハッシュが不一致,False
choice-00467,choice,EQUIVALENT,part_⑥-70,part_⑥-70,1.0,1.0,True,False,part_⑥,high,同一ID・同一問題文・同一正解だが画像/解説等でハッシュが不一致,False
choice-00468,choice,EQUIVALENT,part_⑥-71,part_⑥-71,1.0,1.0,True,False,part_⑥,high,同一ID・同一問題文・同一正解だが画像/解説等でハッシュが不一致,False
choice-00469,choice,EQUIVALENT,part_⑥-72,part_⑥-72,1.0,1.0,True,False,part_⑥,high,同一ID・同一問題文・同一正解だが画像/解説等でハッシュが不一致,False
choice-00470,choice,EQUIVALENT,part_⑥-73,part_⑥-73,1.0,1.0,True,False,part_⑥,high,同一ID・同一問題文・同一正解だが画像/解説等でハッシュが不一致,False
choice-00471,choice,EQUIVALENT,part_⑥-74,part_⑥-74,1.0,1.0,True,False,part_⑥,high,同一ID・同一問題文・同一正解だが画像/解説等でハッシュが不一致,False
choice-00472,choice,EQUIVALENT,part_⑥-75,part_⑥-75,1.0,1.0,True,False,part_⑥,high,同一ID・同一問題文・同一正解だが画像/解説等でハッシュが不一致,False
choice-00473,choice,EQUIVALENT,part_⑥-76,part_⑥-76,1.0,1.0,True,False,part_⑥,high,同一ID・同一問題文・同一正解だが画像/解説等でハッシュが不一致,False
choice-00474,choice,EQUIVALENT,part_⑥-77,part_⑥-77,1.0,1.0,True,False,part_⑥,high,同一ID・同一問題文・同一正解だが画像/解説等でハッシュが不一致,False
choice-00475,choice,EQUIVALENT,part_⑥-78,part_⑥-78,1.0,1.0,True,False,part_⑥,high,同一ID・同一問題文・同一正解だが画像/解説等でハッシュが不一致,False
choice-00476,choice,EQUIVALENT,part_⑥-79,part_⑥-79,1.0,1.0,True,False,part_⑥,high,同一ID・同一問題文・同一正解だが画像/解説等でハッシュが不一致,False
choice-00477,choice,EQUIVALENT,part_⑥-80,part_⑥-80,1.0,1.0,True,False,part_⑥,high,同一ID・同一問題文・同一正解だが画像/解説等でハッシュが不一致,False
choice-00478,choice,EQUIVALENT,part_⑥-81,part_⑥-81,1.0,1.0,True,False,part_⑥,high,同一ID・同一問題文・同一正解だが画像/解説等でハッシュが不一致,False
choice-00479,choice,EQUIVALENT,part_⑥-82,part_⑥-82,1.0,1.0,True,False,part_⑥,high,同一ID・同一問題文・同一正解だが画像/解説等でハッシュが不一致,False
choice-00480,choice,EQUIVALENT,part_⑥-83,part_⑥-83,1.0,1.0,True,False,part_⑥,high,同一ID・同一問題文・同一正解だが画像/解説等でハッシュが不一致,False
choice-00481,choice,EQUIVALENT,part_⑥-84,part_⑥-84,1.0,1.0,True,False,part_⑥,high,同一ID・同一問題文・同一正解だが画像/解説等でハッシュが不一致,False
choice-00482,choice,EQUIVALENT,part_⑥-85,part_⑥-85,1.0,1.0,True,False,part_⑥,high,同一ID・同一問題文・同一正解だが画像/解説等でハッシュが不一致,False
choice-00483,choice,EQUIVALENT,part_⑥-86,part_⑥-86,1.0,1.0,True,False,part_⑥,high,同一ID・同一問題文・同一正解だが画像/解説等でハッシュが不一致,False
choice-00484,choice,EQUIVALENT,part_⑥-87,part_⑥-87,1.0,1.0,True,False,part_⑥,high,同一ID・同一問題文・同一正解だが画像/解説等でハッシュが不一致,False
choice-00485,choice,EQUIVALENT,part_⑥-88,part_⑥-88,1.0,1.0,True,False,part_⑥,high,同一ID・同一問題文・同一正解だが画像/解説等でハッシュが不一致,False
choice-00486,choice,EQUIVALENT,part_⑥-89,part_⑥-89,1.0,1.0,True,False,part_⑥,high,同一ID・同一問題文・同一正解だが画像/解説等でハッシュが不一致,False
choice-00487,choice,EQUIVALENT,part_⑥-90,part_⑥-90,1.0,1.0,True,False,part_⑥,high,同一ID・同一問題文・同一正解だが画像/解説等でハッシュが不一致,False
choice-00488,choice,EQUIVALENT,part_⑥-91,part_⑥-91,1.0,1.0,True,False,part_⑥,high,同一ID・同一問題文・同一正解だが画像/解説等でハッシュが不一致,False
choice-00489,choice,EQUIVALENT,part_⑥-92,part_⑥-92,1.0,1.0,True,False,part_⑥,high,同一ID・同一問題文・同一正解だが画像/解説等でハッシュが不一致,False
choice-00490,choice,EQUIVALENT,part_⑥-93,part_⑥-93,1.0,1.0,True,False,part_⑥,high,同一ID・同一問題文・同一正解だが画像/解説等でハッシュが不一致,False
choice-00491,choice,EQUIVALENT,part_⑥-94,part_⑥-94,1.0,1.0,True,False,part_⑥,high,同一ID・同一問題文・同一正解だが画像/解説等でハッシュが不一致,False
choice-00492,choice,EQUIVALENT,part_⑥-95,part_⑥-95,1.0,1.0,True,False,part_⑥,high,同一ID・同一問題文・同一正解だが画像/解説等でハッシュが不一致,False
choice-00493,choice,EQUIVALENT,part_⑥-96,part_⑥-96,1.0,1.0,True,False,part_⑥,high,同一ID・同一問題文・同一正解だが画像/解説等でハッシュが不一致,False
choice-00494,choice,EQUIVALENT,part_⑥-97,part_⑥-97,1.0,1.0,True,False,part_⑥,high,同一ID・同一問題文・同一正解だが画像/解説等でハッシュが不一致,False
choice-00495,choice,EQUIVALENT,part_⑥-98,part_⑥-98,1.0,1.0,True,False,part_⑥,high,同一ID・同一問題文・同一正解だが画像/解説等でハッシュが不一致,False
choice-00496,choice,EQUIVALENT,part_⑥-99,part_⑥-99,1.0,1.0,True,False,part_⑥,high,同一ID・同一問題文・同一正解だが画像/解説等でハッシュが不一致,False
choice-00497,choice,EQUIVALENT,part_⑥-100,part_⑥-100,1.0,1.0,True,False,part_⑥,high,同一ID・同一問題文・同一正解だが画像/解説等でハッシュが不一致,False
choice-00498,choice,EQUIVALENT,part_⑥-101,part_⑥-101,1.0,1.0,True,False,part_⑥,high,同一ID・同一問題文・同一正解だが画像/解説等でハッシュが不一致,False
choice-00499,choice,EQUIVALENT,part_⑥-102,part_⑥-102,1.0,1.0,True,False,part_⑥,high,同一ID・同一問題文・同一正解だが画像/解説等でハッシュが不一致,False
choice-00500,choice,EQUIVALENT,part_⑥-103,part_⑥-103,1.0,1.0,True,False,part_⑥,high,同一ID・同一問題文・同一正解だが画像/解説等でハッシュが不一致,False
choice-00501,choice,EQUIVALENT,part_⑥-104,part_⑥-104,1.0,1.0,True,False,part_⑥,high,同一ID・同一問題文・同一正解だが画像/解説等でハッシュが不一致,False
choice-00502,choice,EQUIVALENT,part_⑥-105,part_⑥-105,1.0,1.0,True,False,part_⑥,high,同一ID・同一問題文・同一正解だが画像/解説等でハッシュが不一致,False
choice-00503,choice,EQUIVALENT,part_⑥-106,part_⑥-106,1.0,1.0,True,False,part_⑥,high,同一ID・同一問題文・同一正解だが画像/解説等でハッシュが不一致,False
choice-00504,choice,EQUIVALENT,part_⑥-107,part_⑥-107,1.0,1.0,True,False,part_⑥,high,同一ID・同一問題文・同一正解だが画像/解説等でハッシュが不一致,False
choice-00505,choice,EXACT_MATCH,part_⑥-108,part_⑥-108,1.0,1.0,True,True,part_⑥,high,正規化後コンテンツハッシュが完全一致,False
choice-00506,choice,EXACT_MATCH,part_⑥-109,part_⑥-109,1.0,1.0,True,True,part_⑥,high,正規化後コンテンツハッシュが完全一致,False
choice-00507,choice,EXACT_MATCH,part_⑥-110,part_⑥-110,1.0,1.0,True,True,part_⑥,high,正規化後コンテンツハッシュが完全一致,False
choice-00508,choice,EXACT_MATCH,part_⑥-111,part_⑥-111,1.0,1.0,True,True,part_⑥,high,正規化後コンテンツハッシュが完全一致,False
choice-00509,choice,EXACT_MATCH,part_⑥-112,part_⑥-112,1.0,1.0,True,True,part_⑥,high,正規化後コンテンツハッシュが完全一致,False
choice-00510,choice,EXACT_MATCH,part_⑥-113,part_⑥-113,1.0,1.0,True,True,part_⑥,high,正規化後コンテンツハッシュが完全一致,False
choice-00511,choice,EXACT_MATCH,part_⑥-114,part_⑥-114,1.0,1.0,True,True,part_⑥,high,正規化後コンテンツハッシュが完全一致,False
choice-00512,choice,EXACT_MATCH,part_⑥-115,part_⑥-115,1.0,1.0,True,True,part_⑥,high,正規化後コンテンツハッシュが完全一致,False
choice-00513,choice,EXACT_MATCH,part_⑥-116,part_⑥-116,1.0,1.0,True,True,part_⑥,high,正規化後コンテンツハッシュが完全一致,False
choice-00514,choice,EXACT_MATCH,part_⑥-117,part_⑥-117,1.0,1.0,True,True,part_⑥,high,正規化後コンテンツハッシュが完全一致,False
choice-00515,choice,EXACT_MATCH,part_⑥-118,part_⑥-118,1.0,1.0,True,True,part_⑥,high,正規化後コンテンツハッシュが完全一致,False
choice-00516,choice,EXACT_MATCH,part_⑥-119,part_⑥-119,1.0,1.0,True,True,part_⑥,high,正規化後コンテンツハッシュが完全一致,False
choice-00517,choice,EXACT_MATCH,part_⑤-44,part_⑦-1,1.0,1.0,True,True,part_⑦,medium,正規化後コンテンツハッシュが完全一致,False
choice-00518,choice,ANSWER_CONFLICT,part_⑤-14,part_⑦-2,1.0,1.0,False,True,part_⑦,medium,問題文一致(別ID)だが正解が異なる,True
choice-00519,choice,EXACT_MATCH,part_①-20,part_⑦-3,1.0,1.0,True,True,part_⑦,medium,正規化後コンテンツハッシュが完全一致,False
choice-00520,choice,REFERENCE_ONLY,,part_⑦-4,1.0,1.0,True,True,part_⑦,medium,マイサイトに対応する問題が見つからない,False
choice-00521,choice,REFERENCE_ONLY,,part_⑦-5,1.0,1.0,True,True,part_⑦,medium,マイサイトに対応する問題が見つからない,False
choice-00522,choice,REFERENCE_ONLY,,part_⑦-6,1.0,1.0,True,True,part_⑦,medium,マイサイトに対応する問題が見つからない,False
choice-00523,choice,EXACT_MATCH,part_⑤-48,part_⑦-7,1.0,1.0,True,True,part_⑦,medium,正規化後コンテンツハッシュが完全一致,False
choice-00524,choice,REFERENCE_ONLY,,part_⑦-8,1.0,1.0,True,True,part_⑦,medium,マイサイトに対応する問題が見つからない,False
choice-00525,choice,EXACT_MATCH,part_⑤-71,part_⑦-9,1.0,1.0,True,True,part_⑦,medium,正規化後コンテンツハッシュが完全一致,False
choice-00526,choice,REFERENCE_ONLY,,part_⑦-10,1.0,1.0,True,True,part_⑦,medium,マイサイトに対応する問題が見つからない,False
choice-00527,choice,ANSWER_CONFLICT,part_⑤-50,part_⑦-11,1.0,1.0,False,True,part_⑦,medium,問題文一致(別ID)だが正解が異なる,True
choice-00528,choice,EXACT_MATCH,part_①-11,part_⑦-12,1.0,1.0,True,True,part_⑦,medium,正規化後コンテンツハッシュが完全一致,False
choice-00529,choice,EXACT_MATCH,part_④-86,part_⑦-13,1.0,1.0,True,True,part_⑦,medium,正規化後コンテンツハッシュが完全一致,False
choice-00530,choice,EXACT_MATCH,part_④-42,part_⑦-14,1.0,1.0,True,True,part_⑦,medium,正規化後コンテンツハッシュが完全一致,False
choice-00531,choice,REFERENCE_ONLY,,part_⑦-15,1.0,1.0,True,True,part_⑦,medium,マイサイトに対応する問題が見つからない,False
choice-00532,choice,REFERENCE_ONLY,,part_⑦-16,1.0,1.0,True,True,part_⑦,medium,マイサイトに対応する問題が見つからない,False
choice-00533,choice,ANSWER_CONFLICT,part_③-25,part_⑦-17,1.0,1.0,False,True,part_⑦,medium,問題文一致(別ID)だが正解が異なる,True
choice-00534,choice,REFERENCE_ONLY,,part_⑦-18,1.0,1.0,True,True,part_⑦,medium,マイサイトに対応する問題が見つからない,False
choice-00535,choice,EQUIVALENT,part_①-39,part_⑦-19,1.0,1.0,True,False,part_⑦,medium,問題文一致(別ID)・正解一致,False
choice-00536,choice,EXACT_MATCH,part_④-84,part_⑦-20,1.0,1.0,True,True,part_⑦,medium,正規化後コンテンツハッシュが完全一致,False
choice-00537,choice,EXACT_MATCH,part_①-40,part_⑦-21,1.0,1.0,True,True,part_⑦,medium,正規化後コンテンツハッシュが完全一致,False
choice-00538,choice,EQUIVALENT,part_①-41,part_⑦-22,1.0,1.0,True,True,part_⑦,medium,問題文一致(別ID)・正解一致,False
choice-00539,choice,EXACT_MATCH,part_①-42,part_⑦-23,1.0,1.0,True,True,part_⑦,medium,正規化後コンテンツハッシュが完全一致,False
choice-00540,choice,EXACT_MATCH,part_②-32,part_⑦-24,1.0,1.0,True,True,part_⑦,medium,正規化後コンテンツハッシュが完全一致,False
choice-00541,choice,REFERENCE_ONLY,,part_⑦-25,1.0,1.0,True,True,part_⑦,medium,マイサイトに対応する問題が見つからない,False
choice-00542,choice,EXACT_MATCH,part_③-20,part_⑦-26,1.0,1.0,True,True,part_⑦,medium,正規化後コンテンツハッシュが完全一致,False
choice-00543,choice,REFERENCE_ONLY,,part_⑦-27,1.0,1.0,True,True,part_⑦,medium,マイサイトに対応する問題が見つからない,False
choice-00544,choice,EXACT_MATCH,part_③-22,part_⑦-28,1.0,1.0,True,True,part_⑦,medium,正規化後コンテンツハッシュが完全一致,False
choice-00545,choice,EXACT_MATCH,part_③-27,part_⑦-29,1.0,1.0,True,True,part_⑦,medium,正規化後コンテンツハッシュが完全一致,False
choice-00546,choice,EXACT_MATCH,part_③-1,part_⑦-30,1.0,1.0,True,True,part_⑦,medium,正規化後コンテンツハッシュが完全一致,False
choice-00547,choice,REFERENCE_ONLY,,part_⑦-31,1.0,1.0,True,True,part_⑦,medium,マイサイトに対応する問題が見つからない,False
choice-00548,choice,EXACT_MATCH,part_①-5,part_⑦-32,1.0,1.0,True,True,part_⑦,medium,正規化後コンテンツハッシュが完全一致,False
choice-00549,choice,EXACT_MATCH,part_①-7,part_⑦-33,1.0,1.0,True,True,part_⑦,medium,正規化後コンテンツハッシュが完全一致,False
choice-00550,choice,EXACT_MATCH,part_①-12,part_⑦-34,1.0,1.0,True,True,part_⑦,medium,正規化後コンテンツハッシュが完全一致,False
choice-00551,choice,EXACT_MATCH,part_①-14,part_⑦-35,1.0,1.0,True,True,part_⑦,medium,正規化後コンテンツハッシュが完全一致,False
choice-00552,choice,EXACT_MATCH,part_①-15,part_⑦-36,1.0,1.0,True,True,part_⑦,medium,正規化後コンテンツハッシュが完全一致,False
choice-00553,choice,EXACT_MATCH,part_①-16,part_⑦-37,1.0,1.0,True,True,part_⑦,medium,正規化後コンテンツハッシュが完全一致,False
choice-00554,choice,EXACT_MATCH,part_①-19,part_⑦-38,1.0,1.0,True,True,part_⑦,medium,正規化後コンテンツハッシュが完全一致,False
choice-00555,choice,EXACT_MATCH,part_①-21,part_⑦-39,1.0,1.0,True,True,part_⑦,medium,正規化後コンテンツハッシュが完全一致,False
choice-00556,choice,EXACT_MATCH,part_①-25,part_⑦-40,1.0,1.0,True,True,part_⑦,medium,正規化後コンテンツハッシュが完全一致,False
choice-00557,choice,EXACT_MATCH,part_①-30,part_⑦-41,1.0,1.0,True,True,part_⑦,medium,正規化後コンテンツハッシュが完全一致,False
choice-00558,choice,EXACT_MATCH,part_①-32,part_⑦-42,1.0,1.0,True,True,part_⑦,medium,正規化後コンテンツハッシュが完全一致,False
choice-00559,choice,EXACT_MATCH,part_①-33,part_⑦-43,1.0,1.0,True,True,part_⑦,medium,正規化後コンテンツハッシュが完全一致,False
choice-00560,choice,EXACT_MATCH,part_①-35,part_⑦-44,1.0,1.0,True,True,part_⑦,medium,正規化後コンテンツハッシュが完全一致,False
choice-00561,choice,EXACT_MATCH,part_①-40,part_⑦-45,1.0,1.0,True,True,part_⑦,medium,正規化後コンテンツハッシュが完全一致,False
choice-00562,choice,EXACT_MATCH,part_①-41,part_⑦-46,1.0,1.0,True,True,part_⑦,medium,正規化後コンテンツハッシュが完全一致,False
choice-00563,choice,EXACT_MATCH,part_①-42,part_⑦-47,1.0,1.0,True,True,part_⑦,medium,正規化後コンテンツハッシュが完全一致,False
choice-00564,choice,EXACT_MATCH,part_①-43,part_⑦-48,1.0,1.0,True,True,part_⑦,medium,正規化後コンテンツハッシュが完全一致,False
choice-00565,choice,EXACT_MATCH,part_①-44,part_⑦-49,1.0,1.0,True,True,part_⑦,medium,正規化後コンテンツハッシュが完全一致,False
choice-00566,choice,EXACT_MATCH,part_①-50,part_⑦-50,1.0,1.0,True,True,part_⑦,medium,正規化後コンテンツハッシュが完全一致,False
choice-00567,choice,EXACT_MATCH,part_①-58,part_⑦-51,1.0,1.0,True,True,part_⑦,medium,正規化後コンテンツハッシュが完全一致,False
choice-00568,choice,EXACT_MATCH,part_①-60,part_⑦-52,1.0,1.0,True,True,part_⑦,medium,正規化後コンテンツハッシュが完全一致,False
choice-00569,choice,EXACT_MATCH,part_①-66,part_⑦-53,1.0,1.0,True,True,part_⑦,medium,正規化後コンテンツハッシュが完全一致,False
choice-00570,choice,EXACT_MATCH,part_②-4,part_⑦-54,1.0,1.0,True,True,part_⑦,medium,正規化後コンテンツハッシュが完全一致,False
choice-00571,choice,EXACT_MATCH,part_②-6,part_⑦-55,1.0,1.0,True,True,part_⑦,medium,正規化後コンテンツハッシュが完全一致,False
choice-00572,choice,EXACT_MATCH,part_②-7,part_⑦-56,1.0,1.0,True,True,part_⑦,medium,正規化後コンテンツハッシュが完全一致,False
choice-00573,choice,EXACT_MATCH,part_②-11,part_⑦-57,1.0,1.0,True,True,part_⑦,medium,正規化後コンテンツハッシュが完全一致,False
choice-00574,choice,EXACT_MATCH,part_②-12,part_⑦-58,1.0,1.0,True,True,part_⑦,medium,正規化後コンテンツハッシュが完全一致,False
choice-00575,choice,EXACT_MATCH,part_②-15,part_⑦-59,1.0,1.0,True,True,part_⑦,medium,正規化後コンテンツハッシュが完全一致,False
choice-00576,choice,EXACT_MATCH,part_②-19,part_⑦-60,1.0,1.0,True,True,part_⑦,medium,正規化後コンテンツハッシュが完全一致,False
choice-00577,choice,EXACT_MATCH,part_②-23,part_⑦-61,1.0,1.0,True,True,part_⑦,medium,正規化後コンテンツハッシュが完全一致,False
choice-00578,choice,EXACT_MATCH,part_②-25,part_⑦-62,1.0,1.0,True,True,part_⑦,medium,正規化後コンテンツハッシュが完全一致,False
choice-00579,choice,EXACT_MATCH,part_②-26,part_⑦-63,1.0,1.0,True,True,part_⑦,medium,正規化後コンテンツハッシュが完全一致,False
choice-00580,choice,EXACT_MATCH,part_②-28,part_⑦-64,1.0,1.0,True,True,part_⑦,medium,正規化後コンテンツハッシュが完全一致,False
choice-00581,choice,EXACT_MATCH,part_②-31,part_⑦-65,1.0,1.0,True,True,part_⑦,medium,正規化後コンテンツハッシュが完全一致,False
choice-00582,choice,EXACT_MATCH,part_②-33,part_⑦-66,1.0,1.0,True,True,part_⑦,medium,正規化後コンテンツハッシュが完全一致,False
choice-00583,choice,EXACT_MATCH,part_②-35,part_⑦-67,1.0,1.0,True,True,part_⑦,medium,正規化後コンテンツハッシュが完全一致,False
choice-00584,choice,EXACT_MATCH,part_②-39,part_⑦-68,1.0,1.0,True,True,part_⑦,medium,正規化後コンテンツハッシュが完全一致,False
choice-00585,choice,EXACT_MATCH,part_②-41,part_⑦-69,1.0,1.0,True,True,part_⑦,medium,正規化後コンテンツハッシュが完全一致,False
choice-00586,choice,EXACT_MATCH,part_②-46,part_⑦-70,1.0,1.0,True,True,part_⑦,medium,正規化後コンテンツハッシュが完全一致,False
choice-00587,choice,EXACT_MATCH,part_②-47,part_⑦-71,1.0,1.0,True,True,part_⑦,medium,正規化後コンテンツハッシュが完全一致,False
choice-00588,choice,EXACT_MATCH,part_②-50,part_⑦-72,1.0,1.0,True,True,part_⑦,medium,正規化後コンテンツハッシュが完全一致,False
choice-00589,choice,EXACT_MATCH,part_②-51,part_⑦-73,1.0,1.0,True,True,part_⑦,medium,正規化後コンテンツハッシュが完全一致,False
choice-00590,choice,EXACT_MATCH,part_②-53,part_⑦-74,1.0,1.0,True,True,part_⑦,medium,正規化後コンテンツハッシュが完全一致,False
choice-00591,choice,EXACT_MATCH,part_②-56,part_⑦-75,1.0,1.0,True,True,part_⑦,medium,正規化後コンテンツハッシュが完全一致,False
choice-00592,choice,EXACT_MATCH,part_②-60,part_⑦-76,1.0,1.0,True,True,part_⑦,medium,正規化後コンテンツハッシュが完全一致,False
choice-00593,choice,EXACT_MATCH,part_②-67,part_⑦-77,1.0,1.0,True,True,part_⑦,medium,正規化後コンテンツハッシュが完全一致,False
choice-00594,choice,EXACT_MATCH,part_②-68,part_⑦-78,1.0,1.0,True,True,part_⑦,medium,正規化後コンテンツハッシュが完全一致,False
choice-00595,choice,EXACT_MATCH,part_②-69,part_⑦-79,1.0,1.0,True,True,part_⑦,medium,正規化後コンテンツハッシュが完全一致,False
choice-00596,choice,EXACT_MATCH,part_②-70,part_⑦-80,1.0,1.0,True,True,part_⑦,medium,正規化後コンテンツハッシュが完全一致,False
choice-00597,choice,EXACT_MATCH,part_③-2,part_⑦-81,1.0,1.0,True,True,part_⑦,medium,正規化後コンテンツハッシュが完全一致,False
choice-00598,choice,EXACT_MATCH,part_③-6,part_⑦-82,1.0,1.0,True,True,part_⑦,medium,正規化後コンテンツハッシュが完全一致,False
choice-00599,choice,EXACT_MATCH,part_③-7,part_⑦-83,1.0,1.0,True,True,part_⑦,medium,正規化後コンテンツハッシュが完全一致,False
choice-00600,choice,EXACT_MATCH,part_③-18,part_⑦-84,1.0,1.0,True,True,part_⑦,medium,正規化後コンテンツハッシュが完全一致,False
choice-00601,choice,EXACT_MATCH,part_③-20,part_⑦-85,1.0,1.0,True,True,part_⑦,medium,正規化後コンテンツハッシュが完全一致,False
choice-00602,choice,EXACT_MATCH,part_③-21,part_⑦-86,1.0,1.0,True,True,part_⑦,medium,正規化後コンテンツハッシュが完全一致,False
choice-00603,choice,EXACT_MATCH,part_③-23,part_⑦-87,1.0,1.0,True,True,part_⑦,medium,正規化後コンテンツハッシュが完全一致,False
choice-00604,choice,EXACT_MATCH,part_③-24,part_⑦-88,1.0,1.0,True,True,part_⑦,medium,正規化後コンテンツハッシュが完全一致,False
choice-00605,choice,EXACT_MATCH,part_③-26,part_⑦-89,1.0,1.0,True,True,part_⑦,medium,正規化後コンテンツハッシュが完全一致,False
choice-00606,choice,EXACT_MATCH,part_③-28,part_⑦-90,1.0,1.0,True,True,part_⑦,medium,正規化後コンテンツハッシュが完全一致,False
choice-00607,choice,EXACT_MATCH,part_③-29,part_⑦-91,1.0,1.0,True,True,part_⑦,medium,正規化後コンテンツハッシュが完全一致,False
choice-00608,choice,EXACT_MATCH,part_③-35,part_⑦-92,1.0,1.0,True,True,part_⑦,medium,正規化後コンテンツハッシュが完全一致,False
choice-00609,choice,EXACT_MATCH,part_③-39,part_⑦-93,1.0,1.0,True,True,part_⑦,medium,正規化後コンテンツハッシュが完全一致,False
choice-00610,choice,EXACT_MATCH,part_③-40,part_⑦-94,1.0,1.0,True,True,part_⑦,medium,正規化後コンテンツハッシュが完全一致,False
choice-00611,choice,EXACT_MATCH,part_③-42,part_⑦-95,1.0,1.0,True,True,part_⑦,medium,正規化後コンテンツハッシュが完全一致,False
choice-00612,choice,EXACT_MATCH,part_③-44,part_⑦-96,1.0,1.0,True,True,part_⑦,medium,正規化後コンテンツハッシュが完全一致,False
choice-00613,choice,EXACT_MATCH,part_③-45,part_⑦-97,1.0,1.0,True,True,part_⑦,medium,正規化後コンテンツハッシュが完全一致,False
choice-00614,choice,EXACT_MATCH,part_③-53,part_⑦-98,1.0,1.0,True,True,part_⑦,medium,正規化後コンテンツハッシュが完全一致,False
choice-00615,choice,EXACT_MATCH,part_③-63,part_⑦-99,1.0,1.0,True,True,part_⑦,medium,正規化後コンテンツハッシュが完全一致,False
choice-00616,choice,EXACT_MATCH,part_④-2,part_⑦-100,1.0,1.0,True,True,part_⑦,medium,正規化後コンテンツハッシュが完全一致,False
choice-00617,choice,EXACT_MATCH,part_④-3,part_⑦-101,1.0,1.0,True,True,part_⑦,medium,正規化後コンテンツハッシュが完全一致,False
choice-00618,choice,EXACT_MATCH,part_④-5,part_⑦-102,1.0,1.0,True,True,part_⑦,medium,正規化後コンテンツハッシュが完全一致,False
choice-00619,choice,EXACT_MATCH,part_④-7,part_⑦-103,1.0,1.0,True,True,part_⑦,medium,正規化後コンテンツハッシュが完全一致,False
choice-00620,choice,EXACT_MATCH,part_④-8,part_⑦-104,1.0,1.0,True,True,part_⑦,medium,正規化後コンテンツハッシュが完全一致,False
choice-00621,choice,EXACT_MATCH,part_④-9,part_⑦-105,1.0,1.0,True,True,part_⑦,medium,正規化後コンテンツハッシュが完全一致,False
choice-00622,choice,EXACT_MATCH,part_④-11,part_⑦-106,1.0,1.0,True,True,part_⑦,medium,正規化後コンテンツハッシュが完全一致,False
choice-00623,choice,EXACT_MATCH,part_④-12,part_⑦-107,1.0,1.0,True,True,part_⑦,medium,正規化後コンテンツハッシュが完全一致,False
choice-00624,choice,EXACT_MATCH,part_④-13,part_⑦-108,1.0,1.0,True,True,part_⑦,medium,正規化後コンテンツハッシュが完全一致,False
choice-00625,choice,EXACT_MATCH,part_④-18,part_⑦-109,1.0,1.0,True,True,part_⑦,medium,正規化後コンテンツハッシュが完全一致,False
choice-00626,choice,EXACT_MATCH,part_④-19,part_⑦-110,1.0,1.0,True,True,part_⑦,medium,正規化後コンテンツハッシュが完全一致,False
choice-00627,choice,EXACT_MATCH,part_④-26,part_⑦-111,1.0,1.0,True,True,part_⑦,medium,正規化後コンテンツハッシュが完全一致,False
choice-00628,choice,EXACT_MATCH,part_④-28,part_⑦-112,1.0,1.0,True,True,part_⑦,medium,正規化後コンテンツハッシュが完全一致,False
choice-00629,choice,EXACT_MATCH,part_④-30,part_⑦-113,1.0,1.0,True,True,part_⑦,medium,正規化後コンテンツハッシュが完全一致,False
choice-00630,choice,EXACT_MATCH,part_④-33,part_⑦-114,1.0,1.0,True,True,part_⑦,medium,正規化後コンテンツハッシュが完全一致,False
choice-00631,choice,EXACT_MATCH,part_④-35,part_⑦-115,1.0,1.0,True,True,part_⑦,medium,正規化後コンテンツハッシュが完全一致,False
choice-00632,choice,EXACT_MATCH,part_④-36,part_⑦-116,1.0,1.0,True,True,part_⑦,medium,正規化後コンテンツハッシュが完全一致,False
choice-00633,choice,EXACT_MATCH,part_④-37,part_⑦-117,1.0,1.0,True,True,part_⑦,medium,正規化後コンテンツハッシュが完全一致,False
choice-00634,choice,EXACT_MATCH,part_④-39,part_⑦-118,1.0,1.0,True,True,part_⑦,medium,正規化後コンテンツハッシュが完全一致,False
choice-00635,choice,EXACT_MATCH,part_⑤-6,part_⑦-119,1.0,1.0,True,True,part_⑦,medium,正規化後コンテンツハッシュが完全一致,False
choice-00636,choice,ANSWER_CONFLICT,part_⑤-10,part_⑦-120,1.0,1.0,False,True,part_⑦,medium,問題文一致(別ID)だが正解が異なる,True
choice-00637,choice,EXACT_MATCH,part_⑤-11,part_⑦-121,1.0,1.0,True,True,part_⑦,medium,正規化後コンテンツハッシュが完全一致,False
choice-00638,choice,EXACT_MATCH,part_⑤-12,part_⑦-122,1.0,1.0,True,True,part_⑦,medium,正規化後コンテンツハッシュが完全一致,False
choice-00639,choice,EXACT_MATCH,part_⑤-15,part_⑦-123,1.0,1.0,True,True,part_⑦,medium,正規化後コンテンツハッシュが完全一致,False
choice-00640,choice,EXACT_MATCH,part_⑤-17,part_⑦-124,1.0,1.0,True,True,part_⑦,medium,正規化後コンテンツハッシュが完全一致,False
choice-00641,choice,EXACT_MATCH,part_⑤-19,part_⑦-125,1.0,1.0,True,True,part_⑦,medium,正規化後コンテンツハッシュが完全一致,False
choice-00642,choice,EXACT_MATCH,part_⑤-20,part_⑦-126,1.0,1.0,True,True,part_⑦,medium,正規化後コンテンツハッシュが完全一致,False
choice-00643,choice,EXACT_MATCH,part_⑤-21,part_⑦-127,1.0,1.0,True,True,part_⑦,medium,正規化後コンテンツハッシュが完全一致,False
choice-00644,choice,EXACT_MATCH,part_⑤-22,part_⑦-128,1.0,1.0,True,True,part_⑦,medium,正規化後コンテンツハッシュが完全一致,False
choice-00645,choice,EXACT_MATCH,part_⑤-25,part_⑦-129,1.0,1.0,True,True,part_⑦,medium,正規化後コンテンツハッシュが完全一致,False
choice-00646,choice,EXACT_MATCH,part_⑤-26,part_⑦-130,1.0,1.0,True,True,part_⑦,medium,正規化後コンテンツハッシュが完全一致,False
choice-00647,choice,EXACT_MATCH,part_⑤-27,part_⑦-131,1.0,1.0,True,True,part_⑦,medium,正規化後コンテンツハッシュが完全一致,False
choice-00648,choice,EXACT_MATCH,part_⑤-28,part_⑦-132,1.0,1.0,True,True,part_⑦,medium,正規化後コンテンツハッシュが完全一致,False
choice-00649,choice,EXACT_MATCH,part_⑤-29,part_⑦-133,1.0,1.0,True,True,part_⑦,medium,正規化後コンテンツハッシュが完全一致,False
choice-00650,choice,EXACT_MATCH,part_⑤-30,part_⑦-134,1.0,1.0,True,True,part_⑦,medium,正規化後コンテンツハッシュが完全一致,False
choice-00651,choice,EXACT_MATCH,part_⑤-31,part_⑦-135,1.0,1.0,True,True,part_⑦,medium,正規化後コンテンツハッシュが完全一致,False
choice-00652,choice,EXACT_MATCH,part_⑤-32,part_⑦-136,1.0,1.0,True,True,part_⑦,medium,正規化後コンテンツハッシュが完全一致,False
choice-00653,choice,EXACT_MATCH,part_⑤-33,part_⑦-137,1.0,1.0,True,True,part_⑦,medium,正規化後コンテンツハッシュが完全一致,False
choice-00654,choice,EXACT_MATCH,part_⑤-34,part_⑦-138,1.0,1.0,True,True,part_⑦,medium,正規化後コンテンツハッシュが完全一致,False
choice-00655,choice,EXACT_MATCH,part_⑤-35,part_⑦-139,1.0,1.0,True,True,part_⑦,medium,正規化後コンテンツハッシュが完全一致,False
choice-00656,choice,EXACT_MATCH,part_⑤-36,part_⑦-140,1.0,1.0,True,True,part_⑦,medium,正規化後コンテンツハッシュが完全一致,False
choice-00657,choice,EXACT_MATCH,part_⑤-37,part_⑦-141,1.0,1.0,True,True,part_⑦,medium,正規化後コンテンツハッシュが完全一致,False
choice-00658,choice,EXACT_MATCH,part_⑤-38,part_⑦-142,1.0,1.0,True,True,part_⑦,medium,正規化後コンテンツハッシュが完全一致,False
choice-00659,choice,EXACT_MATCH,part_⑤-39,part_⑦-143,1.0,1.0,True,True,part_⑦,medium,正規化後コンテンツハッシュが完全一致,False
choice-00660,choice,EXACT_MATCH,part_⑤-40,part_⑦-144,1.0,1.0,True,True,part_⑦,medium,正規化後コンテンツハッシュが完全一致,False
choice-00661,choice,EXACT_MATCH,part_⑤-42,part_⑦-145,1.0,1.0,True,True,part_⑦,medium,正規化後コンテンツハッシュが完全一致,False
choice-00662,choice,EXACT_MATCH,part_⑤-43,part_⑦-146,1.0,1.0,True,True,part_⑦,medium,正規化後コンテンツハッシュが完全一致,False
choice-00663,choice,EXACT_MATCH,part_⑤-44,part_⑦-147,1.0,1.0,True,True,part_⑦,medium,正規化後コンテンツハッシュが完全一致,False
choice-00664,choice,EXACT_MATCH,part_⑤-45,part_⑦-148,1.0,1.0,True,True,part_⑦,medium,正規化後コンテンツハッシュが完全一致,False
choice-00665,choice,EXACT_MATCH,part_⑤-47,part_⑦-149,1.0,1.0,True,True,part_⑦,medium,正規化後コンテンツハッシュが完全一致,False
choice-00666,choice,EXACT_MATCH,part_⑤-48,part_⑦-150,1.0,1.0,True,True,part_⑦,medium,正規化後コンテンツハッシュが完全一致,False
choice-00667,choice,EXACT_MATCH,part_⑤-49,part_⑦-151,1.0,1.0,True,True,part_⑦,medium,正規化後コンテンツハッシュが完全一致,False
choice-00668,choice,EXACT_MATCH,part_⑤-50,part_⑦-152,1.0,1.0,True,True,part_⑦,medium,正規化後コンテンツハッシュが完全一致,False
choice-00669,choice,EXACT_MATCH,part_⑤-51,part_⑦-153,1.0,1.0,True,True,part_⑦,medium,正規化後コンテンツハッシュが完全一致,False
choice-00670,choice,EXACT_MATCH,part_⑤-52,part_⑦-154,1.0,1.0,True,True,part_⑦,medium,正規化後コンテンツハッシュが完全一致,False
choice-00671,choice,EXACT_MATCH,part_⑤-53,part_⑦-155,1.0,1.0,True,True,part_⑦,medium,正規化後コンテンツハッシュが完全一致,False
choice-00672,choice,EXACT_MATCH,part_⑤-57,part_⑦-156,1.0,1.0,True,True,part_⑦,medium,正規化後コンテンツハッシュが完全一致,False
choice-00673,choice,EXACT_MATCH,part_④-74,part_⑦-157,1.0,1.0,True,True,part_⑦,medium,正規化後コンテンツハッシュが完全一致,False
choice-00674,choice,EXACT_MATCH,part_①-29,part_⑦-158,1.0,1.0,True,True,part_⑦,medium,正規化後コンテンツハッシュが完全一致,False
choice-00675,choice,EXACT_MATCH,part_⑤-60,part_⑦-159,1.0,1.0,True,True,part_⑦,medium,正規化後コンテンツハッシュが完全一致,False
choice-00676,choice,EXACT_MATCH,part_⑤-61,part_⑦-160,1.0,1.0,True,True,part_⑦,medium,正規化後コンテンツハッシュが完全一致,False
choice-00677,choice,EXACT_MATCH,part_⑤-62,part_⑦-161,1.0,1.0,True,True,part_⑦,medium,正規化後コンテンツハッシュが完全一致,False
choice-00678,choice,EXACT_MATCH,part_⑤-64,part_⑦-162,1.0,1.0,True,True,part_⑦,medium,正規化後コンテンツハッシュが完全一致,False
choice-00679,choice,EXACT_MATCH,part_⑤-72,part_⑦-163,1.0,1.0,True,True,part_⑦,medium,正規化後コンテンツハッシュが完全一致,False
choice-00680,choice,EXACT_MATCH,part_⑤-77,part_⑦-164,1.0,1.0,True,True,part_⑦,medium,正規化後コンテンツハッシュが完全一致,False
choice-00681,choice,EXACT_MATCH,part_⑤-86,part_⑦-165,1.0,1.0,True,True,part_⑦,medium,正規化後コンテンツハッシュが完全一致,False
choice-00682,choice,EXACT_MATCH,part_⑤-93,part_⑦-166,1.0,1.0,True,True,part_⑦,medium,正規化後コンテンツハッシュが完全一致,False
choice-00683,choice,EXACT_MATCH,part_⑤-25,part_⑦-167,1.0,1.0,True,True,part_⑦,medium,正規化後コンテンツハッシュが完全一致,False
choice-00684,choice,EXACT_MATCH,part_⑤-96,part_⑦-168,1.0,1.0,True,True,part_⑦,medium,正規化後コンテンツハッシュが完全一致,False
choice-00685,choice,EXACT_MATCH,part_⑤-3,part_⑦-169,1.0,1.0,True,True,part_⑦,medium,正規化後コンテンツハッシュが完全一致,False
choice-00686,choice,EXACT_MATCH,part_⑤-102,part_⑦-170,1.0,1.0,True,True,part_⑦,medium,正規化後コンテンツハッシュが完全一致,False
choice-00687,choice,EXACT_MATCH,part_④-43,part_⑦-171,1.0,1.0,True,True,part_⑦,medium,正規化後コンテンツハッシュが完全一致,False
choice-00688,choice,EXACT_MATCH,part_④-44,part_⑦-172,1.0,1.0,True,True,part_⑦,medium,正規化後コンテンツハッシュが完全一致,False
choice-00689,choice,EXACT_MATCH,part_④-48,part_⑦-173,1.0,1.0,True,True,part_⑦,medium,正規化後コンテンツハッシュが完全一致,False
choice-00690,choice,EXACT_MATCH,part_④-49,part_⑦-174,1.0,1.0,True,True,part_⑦,medium,正規化後コンテンツハッシュが完全一致,False
choice-00691,choice,EXACT_MATCH,part_④-50,part_⑦-175,1.0,1.0,True,True,part_⑦,medium,正規化後コンテンツハッシュが完全一致,False
choice-00692,choice,EXACT_MATCH,part_④-51,part_⑦-176,1.0,1.0,True,True,part_⑦,medium,正規化後コンテンツハッシュが完全一致,False
choice-00693,choice,EXACT_MATCH,part_④-52,part_⑦-177,1.0,1.0,True,True,part_⑦,medium,正規化後コンテンツハッシュが完全一致,False
choice-00694,choice,EXACT_MATCH,part_④-53,part_⑦-178,1.0,1.0,True,True,part_⑦,medium,正規化後コンテンツハッシュが完全一致,False
choice-00695,choice,EXACT_MATCH,part_④-54,part_⑦-179,1.0,1.0,True,True,part_⑦,medium,正規化後コンテンツハッシュが完全一致,False
choice-00696,choice,EXACT_MATCH,part_④-55,part_⑦-180,1.0,1.0,True,True,part_⑦,medium,正規化後コンテンツハッシュが完全一致,False
choice-00697,choice,EXACT_MATCH,part_④-56,part_⑦-181,1.0,1.0,True,True,part_⑦,medium,正規化後コンテンツハッシュが完全一致,False
choice-00698,choice,EXACT_MATCH,part_④-57,part_⑦-182,1.0,1.0,True,True,part_⑦,medium,正規化後コンテンツハッシュが完全一致,False
choice-00699,choice,EXACT_MATCH,part_④-58,part_⑦-183,1.0,1.0,True,True,part_⑦,medium,正規化後コンテンツハッシュが完全一致,False
choice-00700,choice,EXACT_MATCH,part_④-59,part_⑦-184,1.0,1.0,True,True,part_⑦,medium,正規化後コンテンツハッシュが完全一致,False
choice-00701,choice,EXACT_MATCH,part_④-60,part_⑦-185,1.0,1.0,True,True,part_⑦,medium,正規化後コンテンツハッシュが完全一致,False
choice-00702,choice,EXACT_MATCH,part_④-61,part_⑦-186,1.0,1.0,True,True,part_⑦,medium,正規化後コンテンツハッシュが完全一致,False
choice-00703,choice,EXACT_MATCH,part_④-62,part_⑦-187,1.0,1.0,True,True,part_⑦,medium,正規化後コンテンツハッシュが完全一致,False
choice-00704,choice,EXACT_MATCH,part_④-63,part_⑦-188,1.0,1.0,True,True,part_⑦,medium,正規化後コンテンツハッシュが完全一致,False
choice-00705,choice,EXACT_MATCH,part_④-64,part_⑦-189,1.0,1.0,True,True,part_⑦,medium,正規化後コンテンツハッシュが完全一致,False
choice-00706,choice,EXACT_MATCH,part_④-65,part_⑦-190,1.0,1.0,True,True,part_⑦,medium,正規化後コンテンツハッシュが完全一致,False
choice-00707,choice,EXACT_MATCH,part_④-66,part_⑦-191,1.0,1.0,True,True,part_⑦,medium,正規化後コンテンツハッシュが完全一致,False
choice-00708,choice,EXACT_MATCH,part_④-67,part_⑦-192,1.0,1.0,True,True,part_⑦,medium,正規化後コンテンツハッシュが完全一致,False
choice-00709,choice,EXACT_MATCH,part_④-69,part_⑦-193,1.0,1.0,True,True,part_⑦,medium,正規化後コンテンツハッシュが完全一致,False
choice-00710,choice,EXACT_MATCH,part_④-70,part_⑦-194,1.0,1.0,True,True,part_⑦,medium,正規化後コンテンツハッシュが完全一致,False
choice-00711,choice,EXACT_MATCH,part_④-75,part_⑦-195,1.0,1.0,True,True,part_⑦,medium,正規化後コンテンツハッシュが完全一致,False
choice-00712,choice,EXACT_MATCH,part_④-80,part_⑦-196,1.0,1.0,True,True,part_⑦,medium,正規化後コンテンツハッシュが完全一致,False
choice-00713,choice,EXACT_MATCH,part_④-81,part_⑦-197,1.0,1.0,True,True,part_⑦,medium,正規化後コンテンツハッシュが完全一致,False
choice-00714,choice,EXACT_MATCH,part_④-83,part_⑦-198,1.0,1.0,True,True,part_⑦,medium,正規化後コンテンツハッシュが完全一致,False
choice-00715,choice,EXACT_MATCH,part_④-85,part_⑦-199,1.0,1.0,True,True,part_⑦,medium,正規化後コンテンツハッシュが完全一致,False
choice-00716,choice,EXACT_MATCH,part_④-86,part_⑦-200,1.0,1.0,True,True,part_⑦,medium,正規化後コンテンツハッシュが完全一致,False
choice-00717,choice,REFERENCE_ONLY,,part_⑦-201,1.0,1.0,True,True,part_⑦,medium,マイサイトに対応する問題が見つからない,False
choice-00718,choice,REFERENCE_ONLY,,part_⑦-202,1.0,1.0,True,True,part_⑦,medium,マイサイトに対応する問題が見つからない,False
choice-00719,choice,REFERENCE_ONLY,,part_⑦-203,1.0,1.0,True,True,part_⑦,medium,マイサイトに対応する問題が見つからない,False
choice-00720,choice,REFERENCE_ONLY,,part_⑦-204,1.0,1.0,True,True,part_⑦,medium,マイサイトに対応する問題が見つからない,False
choice-00721,choice,REFERENCE_ONLY,,part_⑦-205,1.0,1.0,True,True,part_⑦,medium,マイサイトに対応する問題が見つからない,False
choice-00722,choice,MY_SITE_ONLY,part_④-76,,0,0,True,True,part_④,high,参考サイトに対応する問題が見つからない,False
choice-00723,choice,MY_SITE_ONLY,part_⑤-58,,0,0,True,True,part_⑤,high,参考サイトに対応する問題が見つからない,False
choice-00724,choice,MY_SITE_ONLY,part_⑤-59,,0,0,True,True,part_⑤,high,参考サイトに対応する問題が見つからない,False
choice-00725,choice,MY_SITE_ONLY,part_⑤-63,,0,0,True,True,part_⑤,high,参考サイトに対応する問題が見つからない,False
choice-00726,choice,MY_SITE_ONLY,part_⑤-76,,0,0,True,True,part_⑤,high,参考サイトに対応する問題が見つからない,False
choice-00727,choice,MY_SITE_ONLY,part_⑤-82,,0,0,True,True,part_⑤,high,参考サイトに対応する問題が見つからない,False
choice-00728,choice,MY_SITE_ONLY,part_⑤-95,,0,0,True,True,part_⑤,high,参考サイトに対応する問題が見つからない,False
choice-00729,choice,MY_SITE_ONLY,part_⑤-99,,0,0,True,True,part_⑤,high,参考サイトに対応する問題が見つからない,False
dnd-00730,dnd,EXACT_MATCH,dd-1,dd-1,1.0,1.0,True,True,,n/a,正規化後コンテンツハッシュが完全一致,False
dnd-00731,dnd,EXACT_MATCH,dd-2,dd-2,1.0,1.0,True,True,,n/a,正規化後コンテンツハッシュが完全一致,False
dnd-00732,dnd,EXACT_MATCH,dd-3,dd-3,1.0,1.0,True,True,,n/a,正規化後コンテンツハッシュが完全一致,False
dnd-00733,dnd,EXACT_MATCH,dd-4,dd-4,1.0,1.0,True,True,,n/a,正規化後コンテンツハッシュが完全一致,False
dnd-00734,dnd,EXACT_MATCH,dd-5,dd-5,1.0,1.0,True,True,,n/a,正規化後コンテンツハッシュが完全一致,False
dnd-00735,dnd,EXACT_MATCH,dd-6,dd-6,1.0,1.0,True,True,,n/a,正規化後コンテンツハッシュが完全一致,False
dnd-00736,dnd,EXACT_MATCH,dd-7,dd-7,1.0,1.0,True,True,,n/a,正規化後コンテンツハッシュが完全一致,False
dnd-00737,dnd,EXACT_MATCH,dd-8,dd-8,1.0,1.0,True,True,,n/a,正規化後コンテンツハッシュが完全一致,False
dnd-00738,dnd,EXACT_MATCH,dd-9,dd-9,1.0,1.0,True,True,,n/a,正規化後コンテンツハッシュが完全一致,False
dnd-00739,dnd,EQUIVALENT,dd-10,dd-10,1.0,1.0,True,False,,n/a,同一ID・同一問題文・同一マッピング（画像等でハッシュ不一致）,False
dnd-00740,dnd,EQUIVALENT,dd-11,dd-11,1.0,1.0,True,False,,n/a,同一ID・同一問題文・同一マッピング（画像等でハッシュ不一致）,False
dnd-00741,dnd,EQUIVALENT,dd-12,dd-12,1.0,1.0,True,False,,n/a,同一ID・同一問題文・同一マッピング（画像等でハッシュ不一致）,False
dnd-00742,dnd,EXACT_MATCH,dd-13,dd-13,1.0,1.0,True,True,,n/a,正規化後コンテンツハッシュが完全一致,False
dnd-00743,dnd,EQUIVALENT,dd-14,dd-14,1.0,1.0,True,False,,n/a,同一ID・同一問題文・同一マッピング（画像等でハッシュ不一致）,False
dnd-00744,dnd,EXACT_MATCH,dd-15,dd-15,1.0,1.0,True,True,,n/a,正規化後コンテンツハッシュが完全一致,False
dnd-00745,dnd,EXACT_MATCH,dd-16,dd-16,1.0,1.0,True,True,,n/a,正規化後コンテンツハッシュが完全一致,False
dnd-00746,dnd,EXACT_MATCH,dd-17,dd-17,1.0,1.0,True,True,,n/a,正規化後コンテンツハッシュが完全一致,False
dnd-00747,dnd,EXACT_MATCH,dd-18,dd-18,1.0,1.0,True,True,,n/a,正規化後コンテンツハッシュが完全一致,False
dnd-00748,dnd,EXACT_MATCH,dd-19,dd-19,1.0,1.0,True,True,,n/a,正規化後コンテンツハッシュが完全一致,False
dnd-00749,dnd,EQUIVALENT,dd-20,dd-20,1.0,1.0,True,False,,n/a,同一ID・同一問題文・同一マッピング（画像等でハッシュ不一致）,False
dnd-00750,dnd,EXACT_MATCH,dd-21,dd-21,1.0,1.0,True,True,,n/a,正規化後コンテンツハッシュが完全一致,False
dnd-00751,dnd,EXACT_MATCH,dd-22,dd-22,1.0,1.0,True,True,,n/a,正規化後コンテンツハッシュが完全一致,False
dnd-00752,dnd,EXACT_MATCH,dd-23,dd-23,1.0,1.0,True,True,,n/a,正規化後コンテンツハッシュが完全一致,False
dnd-00753,dnd,EXACT_MATCH,dd-24,dd-24,1.0,1.0,True,True,,n/a,正規化後コンテンツハッシュが完全一致,False
dnd-00754,dnd,EQUIVALENT,dd-25,dd-25,1.0,1.0,True,False,,n/a,同一ID・同一問題文・同一マッピング（画像等でハッシュ不一致）,False
dnd-00755,dnd,EXACT_MATCH,dd-26,dd-26,1.0,1.0,True,True,,n/a,正規化後コンテンツハッシュが完全一致,False
dnd-00756,dnd,EXACT_MATCH,dd-27,dd-27,1.0,1.0,True,True,,n/a,正規化後コンテンツハッシュが完全一致,False
dnd-00757,dnd,REFERENCE_ONLY,,dd-28,1.0,1.0,True,True,,n/a,マイサイトに対応するD&D問題が見つからない（新規追加分の可能性、id=dd-28）,False
sim-00758,simulation,SIMILAR,sim-01,ref-sim-prob1,0.713,0,False,False,,n/a,タイトル類似度/コマンド重複度から同一シナリオの可能性あり(score=0.71)。ただし採点方式(コマンド行一致 vs 状態バリデーション)が全く異なるため要手動確認。,True
sim-00759,simulation,SIMILAR,sim-02,ref-sim-prob2,0.538,0,False,False,,n/a,タイトル類似度/コマンド重複度から同一シナリオの可能性あり(score=0.54)。ただし採点方式(コマンド行一致 vs 状態バリデーション)が全く異なるため要手動確認。,True
sim-00760,simulation,SIMILAR,sim-03,ref-sim-prob3,0.552,0,False,False,,n/a,タイトル類似度/コマンド重複度から同一シナリオの可能性あり(score=0.55)。ただし採点方式(コマンド行一致 vs 状態バリデーション)が全く異なるため要手動確認。,True
sim-00761,simulation,SIMILAR,sim-05,ref-sim-prob4,0.548,0,False,False,,n/a,タイトル類似度/コマンド重複度から同一シナリオの可能性あり(score=0.55)。ただし採点方式(コマンド行一致 vs 状態バリデーション)が全く異なるため要手動確認。,True
sim-00762,simulation,SIMILAR,sim-10,ref-sim-prob5,0.472,0,False,False,,n/a,タイトル類似度/コマンド重複度から同一シナリオの可能性あり(score=0.47)。ただし採点方式(コマンド行一致 vs 状態バリデーション)が全く異なるため要手動確認。,True
sim-00763,simulation,SIMILAR,sim-09,ref-sim-prob6,0.544,0,False,False,,n/a,タイトル類似度/コマンド重複度から同一シナリオの可能性あり(score=0.54)。ただし採点方式(コマンド行一致 vs 状態バリデーション)が全く異なるため要手動確認。,True
sim-00764,simulation,SIMILAR,sim-08,ref-sim-prob7,0.653,0,False,False,,n/a,タイトル類似度/コマンド重複度から同一シナリオの可能性あり(score=0.65)。ただし採点方式(コマンド行一致 vs 状態バリデーション)が全く異なるため要手動確認。,True
sim-00765,simulation,REFERENCE_ONLY,,ref-sim-prob8,0.086,0,False,False,,n/a,マイサイトに対応するシミュレーション問題が見つからない（新規シナリオ）,True
sim-00766,simulation,REFERENCE_ONLY,,ref-sim-prob9,0.086,0,False,False,,n/a,マイサイトに対応するシミュレーション問題が見つからない（新規シナリオ）,True
sim-00767,simulation,MY_SITE_ONLY,sim-04,,0,0,True,True,,n/a,参考サイトに対応するシミュレーション問題が見つからない,False
sim-00768,simulation,MY_SITE_ONLY,sim-06,,0,0,True,True,,n/a,参考サイトに対応するシミュレーション問題が見つからない,False
sim-00769,simulation,MY_SITE_ONLY,sim-07,,0,0,True,True,,n/a,参考サイトに対応するシミュレーション問題が見つからない,False
